1;0
2;12733
3;12242
4;2074
5;-3754
6;-593
7;1781
8;-4575
9;-12445
10;-8964
11;5269
12;15163
13;10455
14;-1278
15;-5829
16;-1580
17;293
18;-5983
19;-11185
20;-4393
21;9873
22;15886
23;7194
24;-5068
25;-7560
26;-2008
27;-458
28;-6259
29;-8785
30;354
31;13244
32;14763
33;2796
34;-8766
35;-8513
36;-1631
37;-398
38;-5562
39;-5710
40;4663
41;14988
42;11907
43;-2219
44;-11807
45;-8356
46;-365
47;369
48;-4206
49;-2482
50;8013
51;14946
52;7670
53;-7220
54;-13682
55;-6915
56;1685
57;1579
58;-2596
59;401
60;10056
61;13203
62;2591
63;-11552
64;-14022
65;-4225
66;4238
67;2860
68;-1150
69;2551
70;10656
71;10076
72;-2677
73;-14637
74;-12662
75;-531
76;6876
77;3807
78;-220
79;3744
80;9903
81;6056
82;-7470
83;-16059
84;-9679
85;3733
86;9117
87;4062
88;-25
89;3950
90;8081
91;1730
92;-11202
93;-15626
94;-5382
95;8011
96;10494
97;3382
98;-613
99;3324
100;5613
101;-2309
102;-13450
103;-13396
104;-282
105;11699
106;10639
107;1700
108;-1848
109;2172
110;2982
111;-5558
112;-14013
113;-9674
114;4987
115;14244
116;9356
117;-860
118;-3441
119;885
120;649
121;-7666
122;-12931
123;-4961
124;9755
125;15227
126;6661
127;-3988
128;-4998
129;-139
130;-1028
131;-8489
132;-10469
133;117
134;13409
135;14435
136;2792
137;-7234
138;-6095
139;-573
140;-1851
141;-8093
142;-7071
143;4907
144;15492
145;11898
146;-1810
147;-10076
148;-6361
149;-224
150;-1808
151;-6735
152;-3283
153;8819
154;15758
155;7891
156;-6571
157;-12006
158;-5549
159;924
160;-1064
161;-4803
162;338
163;11414
164;14214
165;2898
166;-10856
167;-12617
168;-3592
169;2709
170;70
171;-2746
172;3310
173;12458
174;11112
175;-2455
176;-14069
177;-11675
178;-627
179;4807
180;1207
181;-988
182;5297
183;11954
184;6909
185;-7493
186;-15743
187;-9165
188;3015
189;6795
190;1958
191;144
192;6152
193;10122
194;2191
195;-11583
196;-15613
197;-5309
198;6855
199;8220
200;2009
201;483
202;5936
203;7362
204;-2407
205;-14232
206;-13657
207;-538
208;10334
209;8687
210;1187
211;41
212;4886
213;4174
214;-6308
215;-15152
216;-10105
217;4563
218;12901
219;7930
220;-500
221;-994
222;3369
223;1077
224;-9066
225;-14297
226;-5404
227;9341
228;14102
229;5873
230;-2860
231;-2299
232;1806
233;-1474
234;-10430
235;-11868
236;-158
237;13163
238;13658
239;2652
240;-5536
241;-3475
242;592
243;-3167
244;-10374
245;-8271
246;4962
247;15519
248;11515
249;-1392
250;-8070
251;-4130
252;20
253;-3868
254;-9083
255;-4052
256;9319
257;16091
258;7863
259;-5757
260;-9974
261;-3951
262;229
263;-3641
264;-6917
265;188
266;12395
267;14803
268;3113
269;-9852
270;-10817
271;-2776
272;1177
273;-2720
274;-4335
275;3893
276;13867
277;11833
278;-2155
279;-13083
280;-10304
281;-628
282;2648
283;-1459
284;-1819
285;6622
286;13647
287;7586
288;-7278
289;-14950
290;-8336
291;2273
292;4294
293;-263
294;212
295;8122
296;11885
297;2632
298;-11599
299;-15123
300;-5036
301;5545
302;5695
303;494
304;1474
305;8348
306;8939
307;-2379
308;-14570
309;-13500
310;-744
311;8690
312;6443
313;547
314;1856
315;7463
316;5310
317;-6814
318;-15825
319;-10230
320;4025
321;11181
322;6215
323;-216
324;1434
325;5794
326;1557
327;-10146
328;-15237
329;-5692
330;8658
331;12545
332;4846
333;-1725
334;452
335;3768
336;-1788
337;-12026
338;-12931
339;-447
340;12523
341;12449
342;2365
343;-3732
344;-735
345;1829
346;-4306
347;-12334
348;-9261
349;4841
350;15075
351;10758
352;-992
353;-5856
354;-1728
355;363
356;-5750
357;-11177
358;-4754
359;9509
360;15933
361;7571
362;-4818
363;-7649
364;-2165
365;-376
366;-6073
367;-8869
368;-31
369;12977
370;14944
371;3213
372;-8582
373;-8673
374;-1793
375;-308
376;-5425
377;-5864
378;4290
379;14842
380;12205
381;-1802
382;-11717
383;-8586
384;-524
385;469
386;-4112
387;-2682
388;7687
389;14929
390;8054
391;-6845
392;-13704
393;-7207
394;1542
395;1694
396;-2537
397;179
398;9802
399;13310
400;3024
401;-11260
402;-14165
403;-4558
404;4131
405;2997
406;-1116
407;2331
408;10488
409;10289
410;-2240
411;-14459
412;-12921
413;-878
414;6825
415;3973
416;-204
417;3540
418;9823
419;6346
420;-7073
421;-16015
422;-10033
423;3406
424;9141
425;4256
426;-23
427;3770
428;8082
429;2062
430;-10881
431;-15719
432;-5800
433;7740
434;10605
435;3601
436;-626
437;3171
438;5680
439;-1969
440;-13233
441;-13616
442;-723
443;11518
444;10841
445;1931
446;-1883
447;2042
448;3097
449;-5242
450;-13913
451;-9998
452;4566
453;14177
454;9642
455;-635
456;-3507
457;771
458;791
459;-7400
460;-12948
461;-5353
462;9396
463;15290
464;7011
465;-3794
466;-5105
467;-242
468;-875
469;-8286
470;-10592
471;-301
472;13150
473;14627
474;3179
475;-7097
476;-6251
477;-669
478;-1699
479;-7960
480;-7277
481;4503
482;15357
483;12204
484;-1424
485;-10019
486;-6568
487;-312
488;-1661
489;-6666
490;-3542
491;8469
492;15758
493;8283
494;-6225
495;-12048
496;-5802
497;852
498;-922
499;-4790
500;55
501;11145
502;14346
503;3338
504;-10588
505;-12767
506;-3877
507;2664
508;210
509;-2774
510;3031
511;12290
512;11358
513;-2012
514;-13911
515;-11928
516;-922
517;4804
518;1352
519;-1044
520;5045
521;11890
522;7238
523;-7090
524;-15716
525;-9506
526;2739
527;6848
528;2112
529;71
530;5941
531;10157
532;2567
533;-11260
534;-15722
535;-5710
536;6629
537;8341
538;2172
539;401
540;5772
541;7478
542;-2024
543;-14018
544;-13894
545;-961
546;10188
547;8880
548;1353
549;-50
550;4768
551;4349
552;-5955
553;-15064
554;-10446
555;4159
556;12859
557;8192
558;-342
559;-1099
560;3291
561;1287
562;-8771
563;-14338
564;-5815
565;8998
566;14179
567;6189
568;-2728
569;-2423
570;1758
571;-1253
572;-10215
573;-12025
574;-598
575;12919
576;13855
577;2997
578;-5450
579;-3625
580;564
581;-2954
582;-10246
583;-8521
584;4539
585;15399
586;11820
587;-1048
588;-8050
589;-4310
590;7
591;-3677
592;-9041
593;-4363
594;8953
595;16108
596;8251
597;-5450
598;-10035
599;-4160
600;230
601;-3475
602;-6948
603;-148
604;12119
605;14955
606;3547
607;-9617
608;-10969
609;-3005
610;1196
611;-2578
612;-4424
613;3563
614;13702
615;12104
616;-1717
617;-12950
618;-10546
619;-862
620;2694
621;-1337
622;-1945
623;6328
624;13601
625;7945
626;-6879
627;-14940
628;-8656
629;2057
630;4376
631;-153
632;66
633;7884
634;11952
635;3040
636;-11281
637;-15244
638;-5409
639;5371
640;5824
641;597
642;1323
643;8177
644;9101
645;-1963
646;-14364
647;-13746
648;-1137
649;8585
650;6623
651;643
652;1708
653;7359
654;5541
655;-6432
656;-15751
657;-10579
658;3651
659;11166
660;6445
661;-131
662;1292
663;5751
664;1828
665;-9830
666;-15299
667;-6111
668;8342
669;12635
670;5118
671;-1660
672;312
673;3773
674;-1506
675;-11802
676;-13117
677;-895
678;12301
679;12647
680;2660
681;-3701
682;-877
683;1869
684;-4040
685;-12213
686;-9547
687;4411
688;14974
689;11055
690;-700
691;-5875
692;-1878
693;424
694;-5518
695;-11159
696;-5107
697;9137
698;15967
699;7944
700;-4559
701;-7730
702;-2325
703;-302
704;-5885
705;-8942
706;-413
707;12700
708;15112
709;3630
710;-8387
711;-8826
712;-1961
713;-224
714;-5283
715;-6008
716;3918
717;14684
718;12492
719;-1381
720;-11614
721;-8812
722;-691
723;564
724;-4013
725;-2874
726;7359
727;14900
728;8432
729;-6464
730;-13714
731;-7496
732;1391
733;1805
734;-2471
735;-34
736;9542
737;13405
738;3453
739;-10957
740;-14296
741;-4893
742;4015
743;3132
744;-1075
745;2115
746;10312
747;10490
748;-1804
749;-14268
750;-13169
751;-1229
752;6765
753;4137
754;-180
755;3338
756;9734
757;6626
758;-6672
759;-15956
760;-10380
761;3072
762;9155
763;4452
764;-12
765;3591
766;8073
767;2388
768;-10553
769;-15798
770;-6215
771;7460
772;10707
773;3823
774;-631
775;3016
776;5737
777;-1634
778;-13006
779;-13825
780;-1166
781;11325
782;11036
783;2167
784;-1910
785;1909
786;3202
787;-4928
788;-13802
789;-10311
790;4139
791;14098
792;9923
793;-403
794;-3566
795;653
796;925
797;-7131
798;-12954
799;-5738
800;9030
801;15339
802;7360
803;-3591
804;-5206
805;-350
806;-728
807;-8079
808;-10703
809;-717
810;12880
811;14806
812;3567
813;-6949
814;-6403
815;-771
816;-1551
817;-7820
818;-7472
819;4099
820;15209
821;12500
822;-1033
823;-9951
824;-6773
825;-407
826;-1517
827;-6590
828;-3794
829;8114
830;15746
831;8669
832;-5871
833;-12079
834;-6055
835;771
836;-782
837;-4768
838;-222
839;10870
840;14466
841;3775
842;-10310
843;-12906
844;-4165
845;2610
846;350
847;-2794
848;2756
849;12112
850;11592
851;-1566
852;-13741
853;-12173
854;-1222
855;4792
856;1498
857;-1092
858;4794
859;11817
860;7558
861;-6681
862;-15675
863;-9842
864;2455
865;6892
866;2268
867;7
868;5729
869;10181
870;2936
871;-10928
872;-15818
873;-6109
874;6394
875;8454
876;2338
877;325
878;5606
879;7585
880;-1644
881;-13793
882;-14119
883;-1387
884;10031
885;9067
886;1525
887;-136
888;4646
889;4516
890;-5600
891;-14963
892;-10778
893;3750
894;12805
895;8449
896;-178
897;-1198
898;3206
899;1489
900;-8473
901;-14365
902;-6221
903;8647
904;14243
905;6503
906;-2587
907;-2543
908;1702
909;-1039
910;-9993
911;-12170
912;-1035
913;12663
914;14041
915;3345
916;-5354
917;-3773
918;528
919;-2746
920;-10110
921;-8760
922;4114
923;15267
924;12117
925;-698
926;-8019
927;-4489
928;-13
929;-3487
930;-8989
931;-4667
932;8581
933;16112
934;8634
935;-5134
936;-10087
937;-4370
938;222
939;-3309
940;-6970
941;-480
942;11834
943;15095
944;3981
945;-9371
946;-11113
947;-3238
948;1207
949;-2434
950;-4503
951;3235
952;13526
953;12363
954;-1275
955;-12805
956;-10782
957;-1102
958;2732
959;-1210
960;-2063
961;6034
962;13543
963;8295
964;-6475
965;-14918
966;-8971
967;1832
968;4452
969;-38
970;-71
971;7643
972;12007
973;3443
974;-10954
975;-15353
976;-5781
977;5187
978;5947
979;705
980;1178
981;8001
982;9252
983;-1549
984;-14147
985;-13981
986;-1533
987;8468
988;6799
989;746
990;1564
991;7249
992;5764
993;-6047
994;-15664
995;-10920
996;3270
997;11140
998;6675
999;-38
1000;1152
1001;5700
1002;2093
1003;-9509
1004;-15347
1005;-6525
1006;8016
1007;12714
1008;5391
1009;-1587
1010;173
1011;3770
1012;-1229
1013;-11570
1014;-13290
1015;-1341
1016;12067
1017;12836
1018;2959
1019;-3662
1020;-1019
1021;1900
1022;-3775
1023;-12083
1024;-9823
1025;3977
1026;14859
1027;11345
1028;-401
1029;-5885
1030;-2029
1031;478
1032;-5285
1033;-11131
1034;-5453
1035;8759
1036;15988
1037;8314
1038;-4291
1039;-7804
1040;-2488
1041;-235
1042;-5694
1043;-9004
1044;-791
1045;12414
1046;15268
1047;4047
1048;-8182
1049;-8973
1050;-2134
1051;-146
1052;-5137
1053;-6143
1054;3547
1055;14514
1056;12769
1057;-957
1058;-11500
1059;-9033
1060;-865
1061;653
1062;-3908
1063;-3057
1064;7028
1065;14857
1066;8802
1067;-6075
1068;-13712
1069;-7784
1070;1232
1071;1912
1072;-2399
1073;-242
1074;9277
1075;13487
1076;3877
1077;-10645
1078;-14417
1079;-5228
1080;3889
1081;3264
1082;-1027
1083;1904
1084;10128
1085;10680
1086;-1367
1087;-14065
1088;-13408
1089;-1585
1090;6694
1091;4300
1092;-148
1093;3140
1094;9636
1095;6897
1096;-6267
1097;-15884
1098;-10720
1099;2731
1100;9159
1101;4647
1102;5
1103;3413
1104;8055
1105;2707
1106;-10218
1107;-15865
1108;-6626
1109;7170
1110;10799
1111;4047
1112;-628
1113;2861
1114;5785
1115;-1302
1116;-12769
1117;-14021
1118;-1609
1119;11120
1120;11223
1121;2409
1122;-1930
1123;1773
1124;3298
1125;-4614
1126;-13679
1127;-10615
1128;3709
1129;14006
1130;10198
1131;-164
1132;-3618
1133;532
1134;1051
1135;-6861
1136;-12947
1137;-6116
1138;8655
1139;15376
1140;7706
1141;-3379
1142;-5301
1143;-464
1144;-589
1145;-7868
1146;-10802
1147;-1129
1148;12599
1149;14974
1150;3956
1151;-6790
1152;-6550
1153;-880
1154;-1409
1155;-7674
1156;-7657
1157;3695
1158;15049
1159;12787
1160;-637
1161;-9872
1162;-6975
1163;-509
1164;-1377
1165;-6507
1166;-4037
1167;7756
1168;15720
1169;9048
1170;-5509
1171;-12099
1172;-6308
1173;683
1174;-645
1175;-4739
1176;-493
1177;10588
1178;14572
1179;4209
1180;-10021
1181;-13035
1182;-4454
1183;2547
1184;490
1185;-2806
1186;2485
1187;11926
1188;11814
1189;-1120
1190;-13557
1191;-12410
1192;-1526
1193;4770
1194;1645
1195;-1132
1196;4544
1197;11733
1198;7868
1199;-6268
1200;-15620
1201;-10172
1202;2164
1203;6928
1204;2427
1205;-50
1206;5517
1207;10195
1208;3300
1209;-10587
1210;-15900
1211;-6506
1212;6148
1213;8559
1214;2509
1215;256
1216;5436
1217;7681
1218;-1266
1219;-13557
1220;-14332
1221;-1813
1222;9862
1223;9248
1224;1702
1225;-215
1226;4519
1227;4673
1228;-5245
1229;-14851
1230;-11101
1231;3335
1232;12739
1233;8704
1234;-5
1235;-1293
1236;3116
1237;1684
1238;-8171
1239;-14380
1240;-6620
1241;8287
1242;14296
1243;6817
1244;-2438
1245;-2660
1246;1640
1247;-830
1248;-9765
1249;-12303
1250;-1470
1251;12396
1252;14217
1253;3696
1254;-5249
1255;-3919
1256;486
1257;-2542
1258;-9965
1259;-8989
1260;3687
1261;15121
1262;12405
1263;-342
1264;-7979
1265;-4668
1266;-42
1267;-3299
1268;-8928
1269;-4961
1270;8205
1271;16103
1272;9011
1273;-4810
1274;-10130
1275;-4582
1276;208
1277;-3142
1278;-6982
1279;-807
1280;11542
1281;15222
1282;4412
1283;-9114
1284;-11249
1285;-3475
1286;1210
1287;-2289
1288;-4572
1289;2910
1290;13340
1291;12611
1292;-832
1293;-12648
1294;-11011
1295;-1348
1296;2762
1297;-1081
1298;-2172
1299;5739
1300;13473
1301;8636
1302;-6065
1303;-14882
1304;-9283
1305;1599
1306;4521
1307;80
1308;-202
1309;7399
1310;12049
1311;3841
1312;-10618
1313;-15450
1314;-6152
1315;4994
1316;6064
1317;819
1318;1039
1319;7819
1320;9392
1321;-1137
1322;-13919
1323;-14205
1324;-1931
1325;8341
1326;6972
1327;855
1328;1425
1329;7132
1330;5976
1331;-5660
1332;-15564
1333;-11252
1334;2884
1335;11102
1336;6902
1337;61
1338;1015
1339;5641
1340;2349
1341;-9184
1342;-15381
1343;-6934
1344;7682
1345;12782
1346;5664
1347;-1506
1348;37
1349;3759
1350;-957
1351;-11331
1352;-13451
1353;-1786
1354;11822
1355;13015
1356;3261
1357;-3614
1358;-1161
1359;1923
1360;-3514
1361;-11943
1362;-10088
1363;3540
1364;14732
1365;11627
1366;-96
1367;-5886
1368;-2182
1369;523
1370;-5052
1371;-11091
1372;-5791
1373;8375
1374;15995
1375;8679
1376;-4014
1377;-7869
1378;-2655
1379;-175
1380;-5502
1381;-9056
1382;-1163
1383;12118
1384;15411
1385;4463
1386;-7966
1387;-9113
1388;-2311
1389;-76
1390;-4988
1391;-6267
1392;3177
1393;14333
1394;13035
1395;-529
1396;-11373
1397;-9249
1398;-1044
1399;736
1400;-3798
1401;-3231
1402;6696
1403;14803
1404;9163
1405;-5679
1406;-13698
1407;-8069
1408;1065
1409;2014
1410;-2321
1411;-442
1412;9008
1413;13556
1414;4298
1415;-10322
1416;-14525
1417;-5563
1418;3754
1419;3393
1420;-972
1421;1698
1422;9938
1423;10858
1424;-932
1425;-13850
1426;-13637
1427;-1943
1428;6614
1429;4461
1430;-109
1431;2944
1432;9530
1433;7158
1434;-5859
1435;-15799
1436;-11053
1437;2384
1438;9153
1439;4843
1440;31
1441;3237
1442;8028
1443;3018
1444;-9877
1445;-15917
1446;-7034
1447;6870
1448;10883
1449;4274
1450;-617
1451;2706
1452;5824
1453;-974
1454;-12523
1455;-14205
1456;-2051
1457;10904
1458;11401
1459;2654
1460;-1941
1461;1636
1462;3385
1463;-4302
1464;-13545
1465;-10909
1466;3275
1467;13901
1468;10467
1469;80
1470;-3663
1471;407
1472;1169
1473;-6589
1474;-12929
1475;-6487
1476;8274
1477;15399
1478;8049
1479;-3158
1480;-5390
1481;-583
1482;-456
1483;-7653
1484;-10890
1485;-1537
1486;12308
1487;15130
1488;4345
1489;-6622
1490;-6692
1491;-995
1492;-1272
1493;-7522
1494;-7831
1495;3291
1496;14877
1497;13063
1498;-238
1499;-9781
1500;-7174
1501;-618
1502;-1242
1503;-6417
1504;-4270
1505;7394
1506;15680
1507;9419
1508;-5140
1509;-12107
1510;-6559
1511;586
1512;-510
1513;-4702
1514;-757
1515;10299
1516;14665
1517;4640
1518;-9721
1519;-13153
1520;-4746
1521;2476
1522;628
1523;-2809
1524;2217
1525;11731
1526;12025
1527;-674
1528;-13362
1529;-12638
1530;-1836
1531;4741
1532;1792
1533;-1163
1534;4296
1535;11638
1536;8170
1537;-5850
1538;-15552
1539;-10496
1540;1866
1541;6956
1542;2588
1543;-99
1544;5303
1545;10197
1546;3657
1547;-10240
1548;-15969
1549;-6900
1550;5893
1551;8657
1552;2684
1553;195
1554;5264
1555;7766
1556;-892
1557;-13311
1558;-14533
1559;-2241
1560;9682
1561;9423
1562;1885
1563;-288
1564;4388
1565;4821
1566;-4890
1567;-14726
1568;-11414
1569;2916
1570;12660
1571;8954
1572;173
1573;-1382
1574;3020
1575;1870
1576;-7866
1577;-14382
1578;-7013
1579;7920
1580;14336
1581;7130
1582;-2280
1583;-2772
1584;1571
1585;-628
1586;-9531
1587;-12423
1588;-1902
1589;12119
1590;14381
1591;4048
1592;-5134
1593;-4062
1594;435
1595;-2342
1596;-9814
1597;-9207
1598;3260
1599;14962
1600;12685
1601;17
1602;-7928
1603;-4847
1604;-78
1605;-3113
1606;-8858
1607;-5247
1608;7824
1609;16079
1610;9382
1611;-4478
1612;-10162
1613;-4795
1614;185
1615;-2977
1616;-6985
1617;-1128
1618;11241
1619;15335
1620;4841
1621;-8847
1622;-11375
1623;-3714
1624;1206
1625;-2143
1626;-4633
1627;2588
1628;13144
1629;12847
1630;-388
1631;-12478
1632;-11233
1633;-1599
1634;2786
1635;-950
1636;-2272
1637;5444
1638;13392
1639;8969
1640;-5649
1641;-14834
1642;-9590
1643;1359
1644;4583
1645;203
1646;-325
1647;7153
1648;12080
1649;4233
1650;-10274
1651;-15534
1652;-6522
1653;4791
1654;6176
1655;938
1656;907
1657;7633
1658;9521
1659;-726
1660;-13679
1661;-14418
1662;-2331
1663;8203
1664;7140
1665;971
1666;1292
1667;7009
1668;6179
1669;-5272
1670;-15450
1671;-11576
1672;2491
1673;11053
1674;7127
1675;169
1676;883
1677;5576
1678;2598
1679;-8853
1680;-15402
1681;-7338
1682;7338
1683;12839
1684;5938
1685;-1416
1686;-97
1687;3739
1688;-691
1689;-11083
1690;-13599
1691;-2229
1692;11565
1693;13184
1694;3566
1695;-3557
1696;-1303
1697;1938
1698;-3255
1699;-11793
1700;-10343
1701;3102
1702;14591
1703;11902
1704;213
1705;-5878
1706;-2336
1707;560
1708;-4821
1709;-11042
1710;-6121
1711;7984
1712;15988
1713;9040
1714;-3729
1715;-7926
1716;-2824
1717;-123
1718;-5308
1719;-9097
1720;-1531
1721;11813
1722;15542
1723;4878
1724;-7739
1725;-9245
1726;-2494
1727;-12
1728;-4835
1729;-6382
1730;2810
1731;14140
1732;13290
1733;-99
1734;-11235
1735;-9460
1736;-1231
1737;814
1738;-3683
1739;-3397
1740;6362
1741;14735
1742;9517
1743;-5277
1744;-13671
1745;-8351
1746;890
1747;2112
1748;-2237
1749;-635
1750;8735
1751;13613
1752;4713
1753;-9990
1754;-14622
1755;-5899
1756;3610
1757;3517
1758;-910
1759;1498
1760;9742
1761;11025
1762;-497
1763;-13623
1764;-13856
1765;-2305
1766;6523
1767;4620
1768;-63
1769;2752
1770;9416
1771;7409
1772;-5449
1773;-15700
1774;-11378
1775;2030
1776;9136
1777;5039
1778;64
1779;3062
1780;7991
1781;3322
1782;-9529
1783;-15956
1784;-7436
1785;6562
1786;10956
1787;4503
1788;-599
1789;2551
1790;5853
1791;-651
1792;-12268
1793;-14376
1794;-2493
1795;10676
1796;11572
1797;2904
1798;-1946
1799;1497
1800;3463
1801;-3991
1802;-13401
1803;-11192
1804;2838
1805;13783
1806;10731
1807;332
1808;-3700
1809;279
1810;1278
1811;-6316
1812;-12899
1813;-6850
1814;7885
1815;15410
1816;8390
1817;-2929
1818;-5473
1819;-706
1820;-331
1821;-7434
1822;-10967
1823;-1941
1824;12008
1825;15273
1826;4735
1827;-6443
1828;-6829
1829;-1116
1830;-1142
1831;-7365
1832;-7995
1833;2887
1834;14692
1835;13329
1836;164
1837;-9680
1838;-7370
1839;-735
1840;-1111
1841;-6320
1842;-4495
1843;7029
1844;15628
1845;9784
1846;-4763
1847;-12104
1848;-6810
1849;482
1850;-379
1851;-4657
1852;-1015
1853;10005
1854;14745
1855;5067
1856;-9412
1857;-13261
1858;-5038
1859;2397
1860;764
1861;-2805
1862;1954
1863;11527
1864;12224
1865;-227
1866;-13154
1867;-12857
1868;-2149
1869;4702
1870;1940
1871;-1187
1872;4050
1873;11534
1874;8461
1875;-5429
1876;-15470
1877;-10814
1878;1560
1879;6974
1880;2750
1881;-140
1882;5089
1883;10190
1884;4007
1885;-9884
1886;-16025
1887;-7290
1888;5628
1889;8747
1890;2862
1891;141
1892;5090
1893;7841
1894;-522
1895;-13055
1896;-14722
1897;-2669
1898;9490
1899;9592
1900;2073
1901;-355
1902;4254
1903;4959
1904;-4536
1905;-14589
1906;-11717
1907;2493
1908;12569
1909;9199
1910;359
1911;-1465
1912;2919
1913;2048
1914;-7558
1915;-14371
1916;-7399
1917;7544
1918;14364
1919;7440
1920;-2114
1921;-2880
1922;1496
1923;-432
1924;-9292
1925;-12531
1926;-2330
1927;11830
1928;14534
1929;4401
1930;-5009
1931;-4201
1932;378
1933;-2147
1934;-9655
1935;-9414
1936;2832
1937;14791
1938;12954
1939;381
1940;-7867
1941;-5023
1942;-122
1943;-2931
1944;-8779
1945;-5525
1946;7438
1947;16043
1948;9747
1949;-4138
1950;-10184
1951;-5008
1952;154
1953;-2813
1954;-6979
1955;-1442
1956;10933
1957;15435
1958;5267
1959;-8569
1960;-11492
1961;-3957
1962;1194
1963;-1996
1964;-4684
1965;2269
1966;12938
1967;13072
1968;57
1969;-12296
1970;-11447
1971;-1855
1972;2801
1973;-816
1974;-2364
1975;5150
1976;13299
1977;9291
1978;-5228
1979;-14772
1980;-9891
1981;1111
1982;4638
1983;330
1984;-440
1985;6905
1986;12099
1987;4618
1988;-9920
1989;-15604
1990;-6890
1991;4579
1992;6282
1993;1062
1994;781
1995;7443
1996;9638
1997;-319
1998;-13428
1999;-14619
2000;-2733
2001;8054
2002;7304
2003;1093
2004;1163
2005;6880
2006;6372
2007;-4883
2008;-15324
2009;-11890
2010;2094
2011;10993
2012;7350
2013;285
2014;754
2015;5503
2016;2839
2017;-8518
2018;-15410
2019;-7735
2020;6986
2021;12885
2022;6212
2023;-1318
2024;-229
2025;3712
2026;-430
2027;-10829
2028;-13735
2029;-2670
2030;11297
2031;13343
2032;3873
2033;-3491
2034;-1444
2035;1945
2036;-3000
2037;-11635
2038;-10586
2039;2662
2040;14438
2041;12168
2042;529
2043;-5862
2044;-2491
2045;590
2046;-4590
2047;-10982
2048;-6442
2049;7588
2050;15968
2051;9395
2052;-3436
2053;-7975
2054;-2996
2055;-79
2056;-5113
2057;-9128
2058;-1893
2059;11499
2060;15659
2061;5292
2062;-7502
2063;-9370
2064;-2680
2065;43
2066;-4680
2067;-6486
2068;2444
2069;13936
2070;13533
2071;332
2072;-11085
2073;-9665
2074;-1423
2075;885
2076;-3564
2077;-3553
2078;6027
2079;14655
2080;9861
2081;-4870
2082;-13632
2083;-8629
2084;707
2085;2203
2086;-2147
2087;-821
2088;8457
2089;13658
2090;5123
2091;-9649
2092;-14706
2093;-6234
2094;3458
2095;3638
2096;-841
2097;1303
2098;9539
2099;11179
2100;-64
2101;-13384
2102;-14064
2103;-2670
2104;6423
2105;4776
2106;-9
2107;2564
2108;9294
2109;7650
2110;-5036
2111;-15588
2112;-11694
2113;1670
2114;9110
2115;5234
2116;106
2117;2889
2118;7946
2119;3618
2120;-9176
2121;-15982
2122;-7834
2123;6244
2124;11020
2125;4733
2126;-573
2127;2395
2128;5873
2129;-333
2130;-12004
2131;-14534
2132;-2934
2133;10437
2134;11734
2135;3158
2136;-1942
2137;1357
2138;3533
2139;-3683
2140;-13246
2141;-11464
2142;2398
2143;13653
2144;10987
2145;591
2146;-3730
2147;147
2148;1379
2149;-6042
2150;-12858
2151;-7205
2152;7490
2153;15407
2154;8726
2155;-2691
2156;-5549
2157;-833
2158;-212
2159;-7212
2160;-11032
2161;-2340
2162;11697
2163;15404
2164;5124
2165;-6254
2166;-6960
2167;-1242
2168;-1017
2169;-7203
2170;-8148
2171;2484
2172;14496
2173;13584
2174;571
2175;-9567
2176;-7561
2177;-858
2178;-985
2179;-6217
2180;-4711
2181;6662
2182;15562
2183;10140
2184;-4380
2185;-12089
2186;-7059
2187;370
2188;-251
2189;-4605
2190;-1265
2191;9705
2192;14812
2193;5489
2194;-9093
2195;-13358
2196;-5332
2197;2308
2198;899
2199;-2792
2200;1696
2201;11316
2202;12410
2203;218
2204;-12934
2205;-13067
2206;-2466
2207;4654
2208;2087
2209;-1202
2210;3806
2211;11421
2212;8742
2213;-5004
2214;-15375
2215;-11124
2216;1248
2217;6984
2218;2914
2219;-174
2220;4876
2221;10171
2222;4349
2223;-9522
2224;-16067
2225;-7677
2226;5354
2227;8829
2228;3043
2229;94
2230;4914
2231;7906
2232;-155
2233;-12789
2234;-14898
2235;-3097
2236;9287
2237;9754
2238;2267
2239;-415
2240;4115
2241;5087
2242;-4182
2243;-14441
2244;-12010
2245;2065
2246;12466
2247;9440
2248;552
2249;-1543
2250;2814
2251;2218
2252;-7248
2253;-14348
2254;-7777
2255;7161
2256;14380
2257;7749
2258;-1939
2259;-2983
2260;1414
2261;-243
2262;-9048
2263;-12627
2264;-2755
2265;11531
2266;14675
2267;4755
2268;-4875
2269;-4337
2270;314
2271;-1956
2272;-9489
2273;-9610
2274;2404
2275;14607
2276;13214
2277;750
2278;-7796
2279;-5198
2280;-173
2281;-2751
2282;-8692
2283;-5793
2284;7049
2285;15992
2286;10105
2287;-3791
2288;-10196
2289;-5222
2290;116
2291;-2649
2292;-6964
2293;-1750
2294;10618
2295;15522
2296;5690
2297;-8282
2298;-11600
2299;-4202
2300;1173
2301;-1849
2302;-4727
2303;1955
2304;12723
2305;13284
2306;503
2307;-12102
2308;-11654
2309;-2116
2310;2809
2311;-680
2312;-2447
2313;4857
2314;13196
2315;9605
2316;-4803
2317;-14697
2318;-10188
2319;856
2320;4686
2321;460
2322;-548
2323;6655
2324;12107
2325;4997
2326;-9559
2327;-15662
2328;-7255
2329;4357
2330;6381
2331;1192
2332;662
2333;7249
2334;9744
2335;84
2336;-13166
2337;-14808
2338;-3137
2339;7895
2340;7463
2341;1222
2342;1040
2343;6745
2344;6555
2345;-4494
2346;-15186
2347;-12195
2348;1692
2349;10921
2350;7570
2351;407
2352;629
2353;5423
2354;3072
2355;-8180
2356;-15405
2357;-8126
2358;6626
2359;12919
2360;6485
2361;-1211
2362;-358
2363;3678
2364;-176
2365;-10568
2366;-13858
2367;-3109
2368;11018
2369;13491
2370;4183
2371;-3416
2372;-1583
2373;1944
2374;-2749
2375;-11467
2376;-10818
2377;2220
2378;14272
2379;12427
2380;850
2381;-5836
2382;-2647
2383;611
2384;-4361
2385;-10912
2386;-6754
2387;7188
2388;15934
2389;9745
2390;-3135
2391;-8015
2392;-3170
2393;-42
2394;-4918
2395;-9148
2396;-2249
2397;11178
2398;15763
2399;5703
2400;-7254
2401;-9487
2402;-2870
2403;92
2404;-4522
2405;-6580
2406;2081
2407;13722
2408;13765
2409;766
2410;-10923
2411;-9864
2412;-1621
2413;949
2414;-3441
2415;-3701
2416;5691
2417;14563
2418;10197
2419;-4456
2420;-13580
2421;-8904
2422;517
2423;2290
2424;-2052
2425;-999
2426;8177
2427;13689
2428;5527
2429;-9299
2430;-14778
2431;-6568
2432;3296
2433;3754
2434;-767
2435;1115
2436;9330
2437;11322
2438;366
2439;-13133
2440;-14261
2441;-3037
2442;6312
2443;4930
2444;51
2445;2380
2446;9164
2447;7880
2448;-4622
2449;-15463
2450;-12003
2451;1304
2452;9073
2453;5428
2454;155
2455;2719
2456;7892
2457;3906
2458;-8817
2459;-15994
2460;-8226
2461;5918
2462;11074
2463;4964
2464;-538
2465;2241
2466;5884
2467;-21
2468;-11733
2469;-14680
2470;-3374
2471;10187
2472;11887
2473;3415
2474;-1930
2475;1215
2476;3593
2477;-3377
2478;-13080
2479;-11725
2480;1955
2481;13509
2482;11237
2483;855
2484;-3752
2485;14
2486;1472
2487;-5768
2488;-12805
2489;-7552
2490;7089
2491;15391
2492;9058
2493;-2445
2494;-5617
2495;-964
2496;-102
2497;-6988
2498;-11085
2499;-2735
2500;11377
2501;15522
2502;5512
2503;-6055
2504;-7086
2505;-1374
2506;-898
2507;-7036
2508;-8290
2509;2083
2510;14288
2511;13829
2512;980
2513;-9442
2514;-7749
2515;-988
2516;-864
2517;-6108
2518;-4918
2519;6293
2520;15483
2521;10488
2522;-3991
2523;-12062
2524;-7306
2525;249
2526;-126
2527;-4545
2528;-1508
2529;9400
2530;14865
2531;5907
2532;-8764
2533;-13443
2534;-5627
2535;2211
2536;1032
2537;-2772
2538;1443
2539;11097
2540;12585
2541;663
2542;-12702
2543;-13267
2544;-2787
2545;4597
2546;2233
2547;-1210
2548;3566
2549;11298
2550;9014
2551;-4576
2552;-15267
2553;-11428
2554;930
2555;6984
2556;3079
2557;-200
2558;4663
2559;10143
2560;4684
2561;-9153
2562;-16095
2563;-8060
2564;5071
2565;8902
2566;3228
2567;55
2568;4736
2569;7961
2570;206
2571;-12513
2572;-15062
2573;-3524
2574;9074
2575;9908
2576;2465
2577;-467
2578;3974
2579;5206
2580;-3830
2581;-14281
2582;-12292
2583;1635
2584;12350
2585;9676
2586;752
2587;-1614
2588;2703
2589;2379
2590;-6936
2591;-14313
2592;-8148
2593;6771
2594;14382
2595;8055
2596;-1756
2597;-3080
2598;1328
2599;-61
2600;-8799
2601;-12710
2602;-3176
2603;11222
2604;14804
2605;5110
2606;-4731
2607;-4470
2608;244
2609;-1771
2610;-9316
2611;-9795
2612;1976
2613;14410
2614;13465
2615;1123
2616;-7715
2617;-5371
2618;-232
2619;-2575
2620;-8598
2621;-6052
2622;6656
2623;15928
2624;10456
2625;-3437
2626;-10197
2627;-5435
2628;69
2629;-2488
2630;-6940
2631;-2051
2632;10297
2633;15595
2634;6109
2635;-7984
2636;-11698
2637;-4449
2638;1145
2639;-1701
2640;-4760
2641;1644
2642;12498
2643;13484
2644;950
2645;-11896
2646;-11852
2647;-2382
2648;2808
2649;-543
2650;-2521
2651;4565
2652;13081
2653;9908
2654;-4374
2655;-14609
2656;-10479
2657;594
2658;4726
2659;593
2660;-647
2661;6404
2662;12103
2663;5369
2664;-9190
2665;-15706
2666;-7618
2667;4127
2668;6474
2669;1325
2670;550
2671;7051
2672;9839
2673;485
2674;-12893
2675;-14985
2676;-3541
2677;7725
2678;7616
2679;1356
2680;923
2681;6605
2682;6727
2683;-4104
2684;-15035
2685;-12490
2686;1285
2687;10837
2688;7786
2689;537
2690;509
2691;5336
2692;3296
2693;-7837
2694;-15386
2695;-8511
2696;6258
2697;12942
2698;6757
2699;-1097
2700;-485
2701;3636
2702;71
2703;-10301
2704;-13968
2705;-3544
2706;10729
2707;13629
2708;4495
2709;-3332
2710;-1721
2711;1935
2712;-2502
2713;-11292
2714;-11039
2715;1778
2716;14093
2717;12676
2718;1176
2719;-5801
2720;-2802
2721;625
2722;-4134
2723;-10832
2724;-7057
2725;6782
2726;15886
2727;10089
2728;-2826
2729;-8046
2730;-3346
2731;-14
2732;-4722
2733;-9158
2734;-2599
2735;10848
2736;15853
2737;6112
2738;-6997
2739;-9597
2740;-3065
2741;134
2742;-4361
2743;-6665
2744;1721
2745;13497
2746;13985
2747;1201
2748;-10749
2749;-10057
2750;-1825
2751;1007
2752;-3314
2753;-3839
2754;5356
2755;14460
2756;10523
2757;-4038
2758;-13515
2759;-9175
2760;319
2761;2370
2762;-1952
2763;-1169
2764;7893
2765;13708
2766;5925
2767;-8941
2768;-14838
2769;-6902
2770;3125
2771;3866
2772;-685
2773;932
2774;9116
2775;11453
2776;794
2777;-12872
2778;-14446
2779;-3406
2780;6192
2781;5081
2782;119
2783;2201
2784;9027
2785;8101
2786;-4206
2787;-15324
2788;-12302
2789;933
2790;9025
2791;5621
2792;211
2793;2551
2794;7830
2795;4186
2796;-8454
2797;-15992
2798;-8613
2799;5583
2800;11117
2801;5196
2802;-496
2803;2087
2804;5886
2805;285
2806;-11453
2807;-14812
2808;-3811
2809;9925
2810;12030
2811;3675
2812;-1910
2813;1073
2814;3644
2815;-3074
2816;-12905
2817;-11975
2818;1511
2819;13353
2820;11480
2821;1124
2822;-3766
2823;-121
2824;1557
2825;-5495
2826;-12741
2827;-7890
2828;6682
2829;15361
2830;9386
2831;-2192
2832;-5679
2833;-1099
2834;1
2835;-6761
2836;-11127
2837;-3124
2838;11048
2839;15627
2840;5900
2841;-5846
2842;-7205
2843;-1511
2844;-787
2845;-6865
2846;-8421
2847;1684
2848;14068
2849;14062
2850;1392
2851;-9307
2852;-7932
2853;-1124
2854;-748
2855;-5992
2856;-5115
2857;5923
2858;15392
2859;10827
2860;-3596
2861;-12024
2862;-7551
2863;122
2864;-5
2865;-4479
2866;-1744
2867;9091
2868;14906
2869;6319
2870;-8426
2871;-13517
2872;-5921
2873;2105
2874;1162
2875;-2744
2876;1195
2877;10870
2878;12747
2879;1107
2880;-12459
2881;-13457
2882;-3111
2883;4530
2884;2379
2885;-1209
2886;3328
2887;11166
2888;9274
2889;-4145
2890;-15145
2891;-11724
2892;606
2893;6976
2894;3245
2895;-218
2896;4451
2897;10105
2898;5012
2899;-8778
2900;-16110
2901;-8438
2902;4780
2903;8966
2904;3415
2905;23
2906;4558
2907;8005
2908;563
2909;-12228
2910;-15213
2911;-3951
2912;8849
2913;10055
2914;2668
2915;-513
2916;3829
2917;5315
2918;-3479
2919;-14109
2920;-12563
2921;1201
2922;12222
2923;9906
2924;958
2925;-1679
2926;2588
2927;2531
2928;-6623
2929;-14265
2930;-8511
2931;6374
2932;14372
2933;8358
2934;-1564
2935;-3173
2936;1235
2937;113
2938;-8547
2939;-12781
2940;-3592
2941;10902
2942;14922
2943;5465
2944;-4577
2945;-4598
2946;167
2947;-1592
2948;-9137
2949;-9968
2950;1549
2951;14202
2952;13704
2953;1499
2954;-7623
2955;-5541
2956;-298
2957;-2403
2958;-8495
2959;-6301
2960;6261
2961;15851
2962;10799
2963;-3076
2964;-10188
2965;-5648
2966;15
2967;-2328
2968;-6907
2969;-2345
2970;9969
2971;15655
2972;6524
2973;-7677
2974;-11786
2975;-4698
2976;1108
2977;-1554
2978;-4785
2979;1337
2980;12265
2981;13672
2982;1396
2983;-11678
2984;-12042
2985;-2652
2986;2800
2987;-404
2988;-2587
2989;4275
2990;12956
2991;10201
2992;-3941
2993;-14508
2994;-10763
2995;326
2996;4758
2997;730
2998;-739
2999;6152
3000;12088
3001;5734
3002;-8814
3003;-15737
3004;-7978
3005;3887
3006;6560
3007;1463
3008;445
3009;6850
3010;9922
3011;882
3012;-12611
3013;-15150
3014;-3945
3015;7544
3016;7765
3017;1496
3018;812
3019;6459
3020;6889
3021;-3715
3022;-14872
3023;-12774
3024;874
3025;10742
3026;7999
3027;674
3028;393
3029;5243
3030;3511
3031;-7492
3032;-15355
3033;-8888
3034;5883
3035;12953
3036;7028
3037;-974
3038;-607
3039;3587
3040;313
3041;-10028
3042;-14065
3043;-3976
3044;10429
3045;13756
3046;4808
3047;-3239
3048;-1857
3049;1918
3050;-2259
3051;-11108
3052;-11248
3053;1335
3054;13901
3055;12916
3056;1507
3057;-5757
3058;-2957
3059;631
3060;-3908
3061;-10743
3062;-7350
3063;6372
3064;15825
3065;10426
3066;-2510
3067;-8067
3068;-3523
3069;6
3070;-4526
3071;-9157
3072;-2943
3073;10510
3074;15930
3075;6518
3076;-6730
3077;-9698
3078;-3262
3079;169
3080;-4199
3081;-6739
3082;1364
3083;13262
3084;14192
3085;1637
3086;-10564
3087;-10243
3088;-2034
3089;1058
3090;-3183
3091;-3968
3092;5020
3093;14344
3094;10839
3095;-3615
3096;-13438
3097;-9442
3098;114
3099;2445
3100;-1847
3101;-1331
3102;7606
3103;13715
3104;6316
3105;-8574
3106;-14885
3107;-7233
3108;2945
3109;3973
3110;-598
3111;756
3112;8897
3113;11572
3114;1220
3115;-12599
3116;-14621
3117;-3777
3118;6061
3119;5228
3120;193
3121;2026
3122;8883
3123;8310
3124;-3789
3125;-15173
3126;-12592
3127;557
3128;8967
3129;5812
3130;276
3131;2387
3132;7759
3133;4458
3134;-8086
3135;-15977
3136;-8994
3137;5240
3138;11150
3139;5429
3140;-445
3141;1935
3142;5880
3143;586
3144;-11166
3145;-14932
3146;-4246
3147;9653
3148;12165
3149;3939
3150;-1882
3151;931
3152;3687
3153;-2774
3154;-12720
3155;-12213
3156;1065
3157;13184
3158;11715
3159;1400
3160;-3773
3161;-259
3162;1633
3163;-5222
3164;-12666
3165;-8219
3166;6270
3167;15319
3168;9709
3169;-1930
3170;-5732
3171;-1238
3172;97
3173;-6533
3174;-11157
3175;-3507
3176;10710
3177;15719
3178;6285
3179;-5627
3180;-7318
3181;-1652
3182;-681
3183;-6690
3184;-8542
3185;1288
3186;13837
3187;14283
3188;1805
3189;-9160
3190;-8110
3191;-1267
3192;-637
3193;-5871
3194;-5302
3195;5551
3196;15287
3197;11158
3198;-3194
3199;-11974
3200;-7793
3201;-13
3202;110
3203;-4406
3204;-1972
3205;8776
3206;14933
3207;6726
3208;-8079
3209;-13580
3210;-6216
3211;1991
3212;1289
3213;-2709
3214;953
3215;10637
3216;12897
3217;1549
3218;-12204
3219;-13636
3220;-3438
3221;4455
3222;2523
3223;-1201
3224;3094
3225;11025
3226;9524
3227;-3713
3228;-15010
3229;-12011
3230;275
3231;6958
3232;3411
3233;-228
3234;4240
3235;10056
3236;5331
3237;-8397
3238;-16112
3239;-8812
3240;4480
3241;9022
3242;3604
3243;0
3244;4378
3245;8039
3246;915
3247;-11935
3248;-15350
3249;-4377
3250;8613
3251;10195
3252;2874
3253;-551
3254;3682
3255;5415
3256;-3130
3257;-13927
3258;-12823
3259;764
3260;12082
3261;10131
3262;1171
3263;-1737
3264;2469
3265;2675
3266;-6309
3267;-14205
3268;-8865
3269;5971
3270;14350
3271;8658
3272;-1365
3273;-3259
3274;1137
3275;280
3276;-8290
3277;-12840
3278;-4004
3279;10574
3280;15027
3281;5819
3282;-4414
3283;-4722
3284;83
3285;-1418
3286;-8952
3287;-10130
3288;1123
3289;13981
3290;13934
3291;1879
3292;-7520
3293;-5709
3294;-371
3295;-2235
3296;-8385
3297;-6541
3298;5862
3299;15760
3300;11134
3301;-2708
3302;-10168
3303;-5861
3304;-46
3305;-2171
3306;-6866
3307;-2632
3308;9635
3309;15702
3310;6934
3311;-7361
3312;-11864
3313;-4949
3314;1064
3315;-1408
3316;-4800
3317;1036
3318;12023
3319;13848
3320;1842
3321;-11448
3322;-12223
3323;-2926
3324;2783
3325;-264
3326;-2644
3327;3987
3328;12821
3329;10483
3330;-3505
3331;-14393
3332;-11041
3333;51
3334;4782
3335;869
3336;-822
3337;5899
3338;12061
3339;6091
3340;-8431
3341;-15755
3342;-8334
3343;3639
3344;6638
3345;1605
3346;347
3347;6647
3348;9995
3349;1275
3350;-12318
3351;-15302
3352;-4349
3353;7353
3354;7907
3355;1642
3356;707
3357;6310
3358;7041
3359;-3327
3360;-14697
3361;-13048
3362;460
3363;10635
3364;8208
3365;818
3366;283
3367;5144
3368;3718
3369;-7144
3370;-15310
3371;-9257
3372;5501
3373;12952
3374;7298
3375;-843
3376;-727
3377;3530
3378;547
3379;-9750
3380;-14149
3381;-4404
3382;10118
3383;13872
3384;5122
3385;-3138
3386;-1991
3387;1894
3388;-2021
3389;-10916
3390;-11446
3391;892
3392;13697
3393;13147
3394;1841
3395;-5703
3396;-3112
3397;628
3398;-3685
3399;-10645
3400;-7635
3401;5959
3402;15751
3403;10757
3404;-2187
3405;-8079
3406;-3702
3407;20
3408;-4331
3409;-9147
3410;-3280
3411;10166
3412;15994
3413;6920
3414;-6454
3415;-9790
3416;-3463
3417;196
3418;-4035
3419;-6803
3420;1011
3421;13017
3422;14388
3423;2074
3424;-10367
3425;-10421
3426;-2248
3427;1102
3428;-3049
3429;-4088
3430;4685
3431;14216
3432;11146
3433;-3188
3434;-13348
3435;-9703
3436;-97
3437;2513
3438;-1737
3439;-1486
3440;7317
3441;13710
3442;6701
3443;-8199
3444;-14919
3445;-7562
3446;2756
3447;4075
3448;-506
3449;587
3450;8673
3451;11679
3452;1642
3453;-12316
3454;-14783
3455;-4148
3456;5920
3457;5371
3458;275
3459;1857
3460;8732
3461;8509
3462;-3372
3463;-15010
3464;-12872
3465;177
3466;8898
3467;6002
3468;347
3469;2225
3470;7681
3471;4720
3472;-7714
3473;-15948
3474;-9368
3475;4890
3476;11172
3477;5662
3478;-387
3479;1785
3480;5864
3481;881
3482;-10872
3483;-15038
3484;-4678
3485;9371
3486;12289
3487;4204
3488;-1845
3489;789
3490;3721
3491;-2477
3492;-12526
3493;-12440
3494;618
3495;13003
3496;11942
3497;1680
3498;-3771
3499;-398
3500;1701
3501;-4949
3502;-12581
3503;-8538
3504;5852
3505;15262
3506;10026
3507;-1661
3508;-5779
3509;-1380
3510;185
3511;-6303
3512;-11176
3513;-3883
3514;10364
3515;15799
3516;6669
3517;-5399
3518;-7424
3519;-1799
3520;-583
3521;-6512
3522;-8651
3523;893
3524;13595
3525;14493
3526;2220
3527;-9002
3528;-8283
3529;-1416
3530;-533
3531;-5745
3532;-5480
3533;5178
3534;15170
3535;11479
3536;-2788
3537;-11912
3538;-8031
3539;-155
3540;222
3541;-4326
3542;-2192
3543;8458
3544;14948
3545;7127
3546;-7724
3547;-13631
3548;-6510
3549;1868
3550;1413
3551;-2666
3552;717
3553;10397
3554;13034
3555;1988
3556;-11938
3557;-13806
3558;-3767
3559;4370
3560;2666
3561;-1185
3562;2863
3563;10876
3564;9764
3565;-3279
3566;-14863
3567;-12291
3568;-59
3569;6930
3570;3578
3571;-230
3572;4031
3573;9998
3574;5641
3575;-8011
3576;-16099
3577;-9180
3578;4172
3579;9068
3580;3795
3581;-16
3582;4198
3583;8064
3584;1261
3585;-11632
3586;-15475
3587;-4801
3588;8367
3589;10326
3590;3085
3591;-582
3592;3533
3593;5505
3594;-2783
3595;-13734
3596;-13072
3597;326
3598;11929
3599;10349
3600;1389
3601;-1789
3602;2347
3603;2810
3604;-5993
3605;-14133
3606;-9211
3607;5561
3608;14314
3609;8954
3610;-1158
3611;-3340
3612;1034
3613;441
3614;-8030
3615;-12886
3616;-4410
3617;10236
3618;15120
3619;6173
3620;-4242
3621;-4842
3622;-5
3623;-1250
3624;-8761
3625;-10280
3626;699
3627;13749
3628;14152
3629;2261
3630;-7407
3631;-5874
3632;-451
3633;-2071
3634;-8267
3635;-6770
3636;5462
3637;15656
3638;11461
3639;-2335
3640;-10137
3641;-6072
3642;-115
3643;-2016
3644;-6816
3645;-2910
3646;9296
3647;15735
3648;7340
3649;-7035
3650;-11931
3651;-5200
3652;1011
3653;-1263
3654;-4807
3655;739
3656;11772
3657;14010
3658;2286
3659;-11207
3660;-12395
3661;-3204
3662;2758
3663;-123
3664;-2693
3665;3701
3666;12675
3667;10755
3668;-3066
3669;-14266
3670;-11312
3671;-229
3672;4799
3673;1010
3674;-898
3675;5646
3676;12024
3677;6440
3678;-8041
3679;-15760
3680;-8686
3681;3383
3682;6709
3683;1751
3684;257
3685;6440
3686;10056
3687;1663
3688;-12016
3689;-15442
3690;-4753
3691;7151
3692;8043
3693;1793
3694;609
3695;6155
3696;7183
3697;-2939
3698;-14510
3699;-13312
3700;42
3701;10517
3702;8412
3703;969
3704;177
3705;5040
3706;3915
3707;-6794
3708;-15252
3709;-9619
3710;5111
3711;12939
3712;7565
3713;-704
3714;-842
3715;3467
3716;775
3717;-9466
3718;-14220
3719;-4827
3720;9798
3721;13977
3722;5437
3723;-3027
3724;-2123
3725;1862
3726;-1787
3727;-10717
3728;-11631
3729;450
3730;13481
3731;13369
3732;2179
3733;-5639
3734;-3265
3735;618
3736;-3465
3737;-10537
3738;-7909
3739;5542
3740;15663
3741;11080
3742;-1858
3743;-8082
3744;-3881
3745;25
3746;-4136
3747;-9127
3748;-3609
3749;9815
3750;16044
3751;7319
3752;-6168
3753;-9873
3754;-3666
3755;215
3756;-3870
3757;-6858
3758;663
3759;12762
3760;14571
3761;2510
3762;-10158
3763;-10593
3764;-2467
3765;1138
3766;-2913
3767;-4198
3768;4352
3769;14077
3770;11442
3771;-2756
3772;-13245
3773;-9959
3774;-316
3775;2574
3776;-1623
3777;-1631
3778;7026
3779;13692
3780;7078
3781;-7817
3782;-14941
3783;-7889
3784;2559
3785;4171
3786;-408
3787;425
3788;8444
3789;11774
3790;2061
3791;-12022
3792;-14934
3793;-4521
3794;5770
3795;5510
3796;363
3797;1692
3798;8575
3799;8697
3800;-2955
3801;-14833
3802;-13143
3803;-207
3804;8818
3805;6189
3806;426
3807;2067
3808;7594
3809;4974
3810;-7338
3811;-15906
3812;-9735
3813;4532
3814;11183
3815;5894
3816;-321
3817;1636
3818;5840
3819;1170
3820;-10572
3821;-15131
3822;-5106
3823;9078
3824;12404
3825;4473
3826;-1801
3827;647
3828;3747
3829;-2185
3830;-12322
3831;-12654
3832;170
3833;12810
3834;12161
3835;1965
3836;-3760
3837;-539
3838;1761
3839;-4678
3840;-12484
3841;-8848
3842;5431
3843;15193
3844;10338
3845;-1385
3846;-5817
3847;-1524
3848;265
3849;-6071
3850;-11184
3851;-4254
3852;10010
3853;15864
3854;7050
3855;-5161
3856;-7524
3857;-1950
3858;-491
3859;-6330
3860;-8750
3861;502
3862;13343
3863;14691
3864;2637
3865;-8834
3866;-8451
3867;-1570
3868;-434
3869;-5614
3870;-5648
3871;4805
3872;15041
3873;11791
3874;-2377
3875;-11838
3876;-8267
3877;-306
3878;329
3879;-4240
3880;-2403
3881;8137
3882;14949
3883;7521
3884;-7361
3885;-13670
3886;-6804
3887;1737
3888;1534
3889;-2617
3890;487
3891;10151
3892;13159
3893;2425
3894;-11660
3895;-13964
3896;-4098
3897;4276
3898;2807
3899;-1161
3900;2636
3901;10718
3902;9992
3903;-2843
3904;-14702
3905;-12562
3906;-400
3907;6893
3908;3744
3909;-224
3910;3823
3911;9931
3912;5943
3913;-7620
3914;-16073
3915;-9542
3916;3856
3917;9105
3918;3988
3919;-24
3920;4018
3921;8078
3922;1602
3923;-11322
3924;-15587
3925;-5222
3926;8111
3927;10449
3928;3300
3929;-606
3930;3382
3931;5585
3932;-2439
3933;-13531
3934;-13309
3935;-113
3936;11765
3937;10560
3938;1613
3939;-1833
3940;2221
3941;2937
3942;-5678
3943;-14049
3944;-9548
3945;5147
3946;14266
3947;9246
3948;-944
3949;-3415
3950;927
3951;593
3952;-7767
3953;-12921
3954;-4810
3955;9889
3956;15200
3957;6526
3958;-4060
3959;-4956
3960;-101
3961;-1088
3962;-8565
3963;-10419
3964;277
3965;13505
3966;14359
3967;2645
3968;-7284
3969;-6035
3970;-538
3971;-1911
3972;-8143
3973;-6990
3974;5060
3975;15540
3976;11779
3977;-1956
3978;-10095
3979;-6282
3980;-193
3981;-1865
3982;-6759
3983;-3181
3984;8952
3985;15754
3986;7740
3987;-6701
3988;-11988
3989;-5453
3990;950
3991;-1118
3992;-4806
3993;448
3994;11514
3995;14160
3996;2729
3997;-10955
3998;-12558
3999;-3485
4000;2724
4001;16
4002;-2733
4003;3418
4004;12520
4005;11016
4006;-2624
4007;-14126
4008;-11576
4009;-516
4010;4807
4011;1152
4012;-965
4013;5393
4014;11975
4015;6781
4016;-7646
4017;-15751
4018;-9034
4019;3118
4020;6773
4021;1901
4022;174
4023;6232
4024;10106
4025;2047
4026;-11705
4027;-15568
4028;-5156
4029;6939
4030;8173
4031;1949
4032;517
4033;5997
4034;7314
4035;-2554
4036;-14311
4037;-13564
4038;-377
4039;10387
4040;8612
4041;1126
4042;78
4043;4929
4044;4104
4045;-6443
4046;-15182
4047;-9972
4048;4716
4049;12914
4050;7830
4051;-558
4052;-953
4053;3397
4054;995
4055;-9177
4056;-14278
4057;-5246
4058;9469
4059;14070
4060;5753
4061;-2907
4062;-2251
4063;1823
4064;-1559
4065;-10511
4066;-11805
4067;9
4068;13253
4069;13580
4070;2521
4071;-5567
4072;-3418
4073;601
4074;-3248
4075;-10421
4076;-8173
4077;5122
4078;15561
4079;11397
4080;-1522
4081;-8075
4082;-4061
4083;23
4084;-3942
4085;-9097
4086;-3931
4087;9457
4088;16080
4089;7714
4090;-5872
4091;-9948
4092;-3872
4093;226
4094;-3705
4095;-6903
4096;318
4097;12498
4098;14741
4099;2947
4100;-9939
4101;-10756
4102;-2690
4103;1168
4104;-2774
4105;-4299
4106;4019
4107;13927
4108;11727
4109;-2322
4110;-13130
4111;-10210
4112;-541
4113;2629
4114;-1505
4115;-1769
4116;6734
4117;13662
4118;7448
4119;-7428
4120;-14950
4121;-8213
4122;2354
4123;4261
4124;-304
4125;269
4126;8211
4127;11857
4128;2475
4129;-11718
4130;-15073
4131;-4894
4132;5609
4133;5645
4134;457
4135;1533
4136;8412
4137;8875
4138;-2538
4139;-14645
4140;-13404
4141;-595
4142;8728
4143;6373
4144;512
4145;1913
4146;7501
4147;5219
4148;-6959
4149;-15850
4150;-10095
4151;4167
4152;11184
4153;6126
4154;-246
4155;1489
4156;5808
4157;1451
4158;-10264
4159;-15211
4160;-5531
4161;8776
4162;12508
4163;4742
4164;-1747
4165;505
4166;3763
4167;-1897
4168;-12110
4169;-12857
4170;-277
4171;12605
4172;12371
4173;2254
4174;-3741
4175;-680
4176;1812
4177;-4409
4178;-12377
4179;-9149
4180;5005
4181;15110
4182;10644
4183;-1102
4184;-5847
4185;-1671
4186;337
4187;-5839
4188;-11181
4189;-4617
4190;9648
4191;15917
4192;7428
4193;-4915
4194;-7616
4195;-2105
4196;-407
4197;-6145
4198;-8838
4199;115
4200;13080
4201;14876
4202;3054
4203;-8654
4204;-8613
4205;-1731
4206;-341
4207;-5478
4208;-5806
4209;4432
4210;14899
4211;12092
4212;-1962
4213;-11753
4214;-8499
4215;-463
4216;431
4217;-4149
4218;-2607
4219;7812
4220;14937
4221;7908
4222;-6989
4223;-13697
4224;-7096
4225;1598
4226;1651
4227;-2560
4228;263
4229;9899
4230;13271
4231;2859
4232;-11372
4233;-14111
4234;-4431
4235;4173
4236;2945
4237;-1130
4238;2414
4239;10553
4240;10209
4241;-2407
4242;-14529
4243;-12823
4244;-745
4245;6846
4246;3910
4247;-211
4248;3618
4249;9854
4250;6236
4251;-7225
4252;-16033
4253;-9899
4254;3532
4255;9133
4256;4182
4257;-25
4258;3839
4259;8082
4260;1937
4261;-11004
4262;-15685
4263;-5641
4264;7845
4265;10563
4266;3517
4267;-622
4268;3229
4269;5655
4270;-2099
4271;-13317
4272;-13534
4273;-555
4274;11588
4275;10765
4276;1842
4277;-1870
4278;2092
4279;3054
4280;-5363
4281;-13953
4282;-9875
4283;4727
4284;14204
4285;9534
4286;-722
4287;-3483
4288;815
4289;738
4290;-7502
4291;-12943
4292;-5204
4293;9534
4294;15267
4295;6878
4296;-3869
4297;-5065
4298;-202
4299;-932
4300;-8364
4301;-10546
4302;-142
4303;13250
4304;14555
4305;3031
4306;-7150
4307;-6192
4308;-631
4309;-1756
4310;-8011
4311;-7200
4312;4657
4313;15410
4314;12089
4315;-1572
4316;-10042
4317;-6490
4318;-277
4319;-1716
4320;-6693
4321;-3444
4322;8603
4323;15760
4324;8134
4325;-6358
4326;-12034
4327;-5706
4328;880
4329;-976
4330;-4796
4331;162
4332;11249
4333;14297
4334;3170
4335;-10692
4336;-12711
4337;-3768
4338;2682
4339;157
4340;-2764
4341;3137
4342;12355
4343;11266
4344;-2181
4345;-13973
4346;-11833
4347;-809
4348;4806
4349;1297
4350;-1024
4351;5141
4352;11916
4353;7113
4354;-7244
4355;-15728
4356;-9377
4357;2845
4358;6829
4359;2053
4360;98
4361;6022
4362;10145
4363;2424
4364;-11384
4365;-15682
4366;-5557
4367;6717
4368;8296
4369;2109
4370;431
4371;5835
4372;7435
4373;-2170
4374;-14101
4375;-13805
4376;-800
4377;10245
4378;8807
4379;1289
4380;-16
4381;4814
4382;4283
4383;-6089
4384;-15099
4385;-10317
4386;4314
4387;12877
4388;8092
4389;-403
4390;-1059
4391;3321
4392;1208
4393;-8884
4394;-14324
4395;-5659
4396;9130
4397;14151
4398;6068
4399;-2779
4400;-2376
4401;1777
4402;-1337
4403;-10298
4404;-11967
4405;-430
4406;13014
4407;13781
4408;2865
4409;-5484
4410;-3569
4411;576
4412;-3035
4413;-10296
4414;-8427
4415;4700
4416;15447
4417;11705
4418;-1180
4419;-8059
4420;-4241
4421;13
4422;-3749
4423;-9058
4424;-4246
4425;9093
4426;16103
4427;8104
4428;-5568
4429;-10013
4430;-4080
4431;230
4432;-3538
4433;-6937
4434;-20
4435;12225
4436;14899
4437;3382
4438;-9708
4439;-10912
4440;-2918
4441;1189
4442;-2632
4443;-4391
4444;3688
4445;13766
4446;12002
4447;-1884
4448;-13002
4449;-10455
4450;-772
4451;2677
4452;-1384
4453;-1898
4454;6440
4455;13620
4456;7809
4457;-7032
4458;-14945
4459;-8534
4460;2140
4461;4346
4462;-196
4463;121
4464;7975
4465;11928
4466;2885
4467;-11404
4468;-15199
4469;-5267
4470;5439
4471;5775
4472;557
4473;1380
4474;8243
4475;9041
4476;-2122
4477;-14444
4478;-13654
4479;-987
4480;8626
4481;6554
4482;606
4483;1764
4484;7400
4485;5454
4486;-6578
4487;-15781
4488;-10447
4489;3795
4490;11173
4491;6358
4492;-164
4493;1346
4494;5768
4495;1726
4496;-9951
4497;-15277
4498;-5952
4499;8463
4500;12602
4501;5014
4502;-1686
4503;365
4504;3772
4505;-1613
4506;-11889
4507;-13048
4508;-724
4509;12387
4510;12573
4511;2548
4512;-3714
4513;-823
4514;1855
4515;-4141
4516;-12260
4517;-9439
4518;4575
4519;15014
4520;10943
4521;-812
4522;-5869
4523;-1820
4524;402
4525;-5606
4526;-11168
4527;-4974
4528;9280
4529;15956
4530;7803
4531;-4659
4532;-7700
4533;-2263
4534;-330
4535;-5957
4536;-8915
4537;-268
4538;12807
4539;15050
4540;3471
4541;-8463
4542;-8769
4543;-1896
4544;-255
4545;-5337
4546;-5954
4547;4060
4548;14746
4549;12384
4550;-1542
4551;-11655
4552;-8726
4553;-627
4554;528
4555;-4051
4556;-2802
4557;7484
4558;14912
4559;8289
4560;-6610
4561;-13712
4562;-7386
4563;1450
4564;1764
4565;-2497
4566;46
4567;9642
4568;13370
4569;3290
4570;-11074
4571;-14248
4572;-4765
4573;4060
4574;3081
4575;-1092
4576;2196
4577;10380
4578;10415
4579;-1970
4580;-14343
4581;-13076
4582;-1095
4583;6789
4584;4074
4585;-190
4586;3415
4587;9769
4588;6520
4589;-6825
4590;-15980
4591;-10248
4592;3200
4593;9151
4594;4377
4595;-17
4596;3659
4597;8077
4598;2265
4599;-10679
4600;-15770
4601;-6058
4602;7568
4603;10669
4604;3738
4605;-630
4606;3075
4607;5716
4608;-1761
4609;-13093
4610;-13747
4611;-997
4612;11400
4613;10962
4614;2077
4615;-1900
4616;1960
4617;3163
4618;-5048
4619;-13846
4620;-10193
4621;4302
4622;14130
4623;9816
4624;-492
4625;-3544
4626;699
4627;875
4628;-7234
4629;-12953
4630;-5592
4631;9170
4632;15322
4633;7227
4634;-3669
4635;-5168
4636;-308
4637;-783
4638;-8159
4639;-10662
4640;-559
4641;12984
4642;14739
4643;3419
4644;-7006
4645;-6346
4646;-732
4647;-1607
4648;-7874
4649;-7399
4650;4253
4651;15267
4652;12388
4653;-1182
4654;-9978
4655;-6695
4656;-370
4657;-1571
4658;-6620
4659;-3699
4660;8250
4661;15752
4662;8522
4663;-6007
4664;-12069
4665;-5959
4666;803
4667;-835
4668;-4777
4669;-117
4670;10976
4671;14422
4672;3609
4673;-10417
4674;-12854
4675;-4055
4676;2631
4677;297
4678;-2787
4679;2861
4680;12181
4681;11504
4682;-1736
4683;-13807
4684;-12081
4685;-1107
4686;4797
4687;1443
4688;-1075
4689;4889
4690;11846
4691;7437
4692;-6837
4693;-15692
4694;-9715
4695;2564
4696;6876
4697;2208
4698;30
4699;5810
4700;10173
4701;2796
4702;-11055
4703;-15783
4704;-5957
4705;6485
4706;8411
4707;2274
4708;353
4709;5670
4710;7546
4711;-1788
4712;-13880
4713;-14035
4714;-1224
4715;10092
4716;8996
4717;1458
4718;-104
4719;4693
4720;4454
4721;-5735
4722;-15003
4723;-10653
4724;3907
4725;12827
4726;8352
4727;-241
4728;-1161
4729;3239
4730;1413
4731;-8587
4732;-14356
4733;-6067
4734;8782
4735;14220
4736;6383
4737;-2642
4738;-2498
4739;1724
4740;-1120
4741;-10078
4742;-12116
4743;-868
4744;12762
4745;13971
4746;3212
4747;-5392
4748;-3717
4749;543
4750;-2825
4751;-10162
4752;-8670
4753;4276
4754;15319
4755;12005
4756;-832
4757;-8032
4758;-4421
4759;-4
4760;-3559
4761;-9010
4762;-4552
4763;8724
4764;16113
4765;8488
4766;-5256
4767;-10069
4768;-4290
4769;226
4770;-3372
4771;-6963
4772;-354
4773;11944
4774;15043
4775;3816
4776;-9466
4777;-11059
4778;-3149
4779;1203
4780;-2489
4781;-4474
4782;3360
4783;13595
4784;12266
4785;-1444
4786;-12862
4787;-10693
4788;-1010
4789;2718
4790;-1259
4791;-2019
4792;6146
4793;13566
4794;8163
4795;-6630
4796;-14928
4797;-8851
4798;1918
4799;4424
4800;-83
4801;-19
4802;7735
4803;11987
4804;3290
4805;-11080
4806;-15313
4807;-5639
4808;5259
4809;5900
4810;663
4811;1233
4812;8068
4813;9196
4814;-1707
4815;-14232
4816;-13893
4817;-1382
4818;8514
4819;6732
4820;706
4821;1618
4822;7292
4823;5680
4824;-6194
4825;-15699
4826;-10791
4827;3416
4828;11151
4829;6587
4830;-75
4831;1205
4832;5720
4833;1993
4834;-9632
4835;-15330
4836;-6368
4837;8141
4838;12685
4839;5286
4840;-1616
4841;226
4842;3772
4843;-1334
4844;-11660
4845;-13226
4846;-1171
4847;12158
4848;12765
4849;2845
4850;-3678
4851;-965
4852;1889
4853;-3876
4854;-12134
4855;-9719
4856;4143
4857;14905
4858;11235
4859;-515
4860;-5882
4861;-1971
4862;458
4863;-5374
4864;-11143
4865;-5322
4866;8904
4867;15982
4868;8174
4869;-4394
4870;-7777
4871;-2425
4872;-260
4873;-5767
4874;-8982
4875;-647
4876;12524
4877;15210
4878;3888
4879;-8262
4880;-8918
4881;-2067
4882;-175
4883;-5193
4884;-6093
4885;3688
4886;14580
4887;12665
4888;-1119
4889;-11545
4890;-8949
4891;-798
4892;620
4893;-3948
4894;-2988
4895;7154
4896;14875
4897;8662
4898;-6224
4899;-13715
4900;-7674
4901;1294
4902;1872
4903;-2427
4904;-163
4905;9379
4906;13457
4907;3716
4908;-10765
4909;-14372
4910;-5100
4911;3938
4912;3214
4913;-1046
4914;1984
4915;10199
4916;10609
4917;-1534
4918;-14144
4919;-13318
4920;-1449
4921;6722
4922;4238
4923;-161
4924;3215
4925;9674
4926;6794
4927;-6422
4928;-15913
4929;-10591
4930;2862
4931;9158
4932;4573
4933;-2
4934;3481
4935;8063
4936;2586
4937;-10346
4938;-15841
4939;-6470
4940;7282
4941;10765
4942;3962
4943;-630
4944;2920
4945;5768
4946;-1428
4947;-12860
4948;-13948
4949;-1440
4950;11200
4951;11152
4952;2316
4953;-1923
4954;1825
4955;3262
4956;-4734
4957;-13727
4958;-10501
4959;3874
4960;14043
4961;10094
4962;-256
4963;-3599
4964;579
4965;1004
4966;-6964
4967;-12951
4968;-5973
4969;8799
4970;15363
4971;7574
4972;-3461
4973;-5266
4974;-420
4975;-641
4976;-7949
4977;-10766
4978;-972
4979;12708
4980;14912
4981;3808
4982;-6852
4983;-6494
4984;-838
4985;-1462
4986;-7730
4987;-7588
4988;3849
4989;15112
4990;12679
4991;-789
4992;-9903
4993;-6898
4994;-469
4995;-1430
4996;-6540
4997;-3945
4998;7893
4999;15731
5000;8904
5001;-5648
5002;-12092
5003;-6212
5004;718
5005;-697
5006;-4751
5007;-390
5008;10696
5009;14533
5010;4044
5011;-10132
5012;-12987
5013;-4344
5014;2572
5015;437
5016;-2802
5017;2588
5018;11998
5019;11731
5020;-1290
5021;-13629
5022;-12321
5023;-1410
5024;4780
5025;1589
5026;-1118
5027;4639
5028;11766
5029;7751
5030;-6426
5031;-15642
5032;-10047
5033;2276
5034;6915
5035;2366
5036;-29
5037;5598
5038;10191
5039;3162
5040;-10718
5041;-15870
5042;-6355
5043;6243
5044;8520
5045;2444
5046;281
5047;5501
5048;7645
5049;-1410
5050;-13648
5051;-14252
5052;-1650
5053;9928
5054;9180
5055;1634
5056;-186
5057;4568
5058;4614
5059;-5381
5060;-14895
5061;-10979
5062;3494
5063;12765
5064;8607
5065;-72
5066;-1257
5067;3151
5068;1611
5069;-8286
5070;-14376
5071;-6469
5072;8426
5073;14277
5074;6698
5075;-2496
5076;-2616
5077;1664
5078;-909
5079;-9852
5080;-12253
5081;-1304
5082;12500
5083;14151
5084;3562
5085;-5290
5086;-3864
5087;503
5088;-2619
5089;-10021
5090;-8903
5091;3850
5092;15178
5093;12297
5094;-479
5095;-7996
5096;-4600
5097;-30
5098;-3370
5099;-8952
5100;-4850
5101;8349
5102;16108
5103;8868
5104;-4935
5105;-10115
5106;-4501
5107;214
5108;-3206
5109;-6979
5110;-683
5111;11654
5112;15175
5113;4248
5114;-9213
5115;-11198
5116;-3384
5117;1210
5118;-2345
5119;-4547
5120;3034
5121;13413
5122;12518
5123;-1001
5124;-12709
5125;-10925
5126;-1254
5127;2752
5128;-1131
5129;-2131
5130;5851
5131;13501
5132;8507
5133;-6222
5134;-14897
5135;-9165
5136;1689
5137;4495
5138;34
5139;-153
5140;7493
5141;12034
5142;3690
5143;-10748
5144;-15415
5145;-6011
5146;5069
5147;6020
5148;775
5149;1091
5150;7889
5151;9340
5152;-1294
5153;-14007
5154;-14121
5155;-1779
5156;8391
5157;6906
5158;813
5159;1478
5160;7177
5161;5896
5162;-5808
5163;-15603
5164;-11127
5165;3032
5166;11118
5167;6815
5168;22
5169;1067
5170;5665
5171;2252
5172;-9308
5173;-15370
5174;-6779
5175;7810
5176;12758
5177;5560
5178;-1538
5179;89
5180;3764
5181;-1060
5182;-11423
5183;-13391
5184;-1617
5185;11917
5186;12948
5187;3145
5188;-3633
5189;-1107
5190;1915
5191;-3613
5192;-11997
5193;-9988
5194;3707
5195;14782
5196;11520
5197;-213
5198;-5886
5199;-2124
5200;507
5201;-5141
5202;-11107
5203;-5663
5204;8522
5205;15994
5206;8540
5207;-4120
5208;-7845
5209;-2591
5210;-197
5211;-5576
5212;-9037
5213;-1022
5214;12232
5215;15358
5216;4305
5217;-8049
5218;-9060
5219;-2243
5220;-102
5221;-5045
5222;-6221
5223;3318
5224;14403
5225;12935
5226;-693
5227;-11423
5228;-9167
5229;-975
5230;705
5231;-3840
5232;-3166
5233;6823
5234;14825
5235;9026
5236;-5831
5237;-13705
5238;-7960
5239;1129
5240;1976
5241;-2352
5242;-367
5243;9111
5244;13532
5245;4138
5246;-10446
5247;-14485
5248;-5435
5249;3807
5250;3344
5251;-994
5252;1776
5253;10012
5254;10791
5255;-1098
5256;-13934
5257;-13551
5258;-1806
5259;6646
5260;4400
5261;-125
5262;3018
5263;9571
5264;7059
5265;-6015
5266;-15833
5267;-10927
5268;2517
5269;9156
5270;4769
5271;20
5272;3304
5273;8039
5274;2900
5275;-10007
5276;-15899
5277;-6879
5278;6986
5279;10852
5280;4187
5281;-622
5282;2765
5283;5810
5284;-1098
5285;-12618
5286;-14136
5287;-1883
5288;10988
5289;11334
5290;2560
5291;-1938
5292;1689
5293;3353
5294;-4421
5295;-13597
5296;-10798
5297;3441
5298;13943
5299;10365
5300;-13
5301;-3647
5302;455
5303;1125
5304;-6692
5305;-12938
5306;-6346
5307;8420
5308;15392
5309;7919
5310;-3243
5311;-5357
5312;-537
5313;-506
5314;-7735
5315;-10858
5316;-1382
5317;12421
5318;15072
5319;4197
5320;-6687
5321;-6638
5322;-951
5323;-1324
5324;-7580
5325;-7766
5326;3445
5327;14944
5328;12959
5329;-391
5330;-9817
5331;-7099
5332;-576
5333;-1293
5334;-6452
5335;-4182
5336;7532
5337;15697
5338;9278
5339;-5281
5340;-12105
5341;-6464
5342;624
5343;-561
5344;-4717
5345;-657
5346;10410
5347;14631
5348;4476
5349;-9837
5350;-13109
5351;-4634
5352;2504
5353;575
5354;-2809
5355;2319
5356;11806
5357;11946
5358;-844
5359;-13438
5360;-12552
5361;-1717
5362;4753
5363;1736
5364;-1152
5365;4390
5366;11675
5367;8056
5368;-6010
5369;-15579
5370;-10374
5371;1980
5372;6946
5373;2526
5374;-81
5375;5385
5376;10198
5377;3521
5378;-10373
5379;-15945
5380;-6750
5381;5991
5382;8621
5383;2617
5384;217
5385;5330
5386;7735
5387;-1034
5388;-13406
5389;-14458
5390;-2078
5391;9752
5392;9357
5393;1815
5394;-261
5395;4439
5396;4766
5397;-5026
5398;-14775
5399;-11296
5400;3077
5401;12691
5402;8859
5403;104
5404;-1349
5405;3057
5406;1800
5407;-7983
5408;-14383
5409;-6864
5410;8061
5411;14322
5412;7011
5413;-2341
5414;-2730
5415;1598
5416;-704
5417;-9621
5418;-12378
5419;-1737
5420;12226
5421;14320
5422;3913
5423;-5179
5424;-4008
5425;455
5426;-2417
5427;-9872
5428;-9125
5429;3423
5430;15024
5431;12579
5432;-120
5433;-7949
5434;-4779
5435;-63
5436;-3184
5437;-8885
5438;-5139
5439;7969
5440;16090
5441;9241
5442;-4605
5443;-10151
5444;-4714
5445;194
5446;-3040
5447;-6985
5448;-1006
5449;11356
5450;15293
5451;4678
5452;-8950
5453;-11328
5454;-3623
5455;1209
5456;-2199
5457;-4611
5458;2711
5459;13220
5460;12759
5461;-557
5462;-12544
5463;-11149
5464;-1503
5465;2778
5466;-1000
5467;-2235
5468;5557
5469;13424
5470;8843
5471;-5808
5472;-14854
5473;-9473
5474;1451
5475;4560
5476;155
5477;-279
5478;7247
5479;12070
5480;4084
5481;-10406
5482;-15503
5483;-6381
5484;4869
5485;6134
5486;892
5487;956
5488;7705
5489;9473
5490;-883
5491;-13772
5492;-14338
5493;-2179
5494;8257
5495;7076
5496;926
5497;1342
5498;7057
5499;6103
5500;-5420
5501;-15495
5502;-11454
5503;2642
5504;11073
5505;7042
5506;127
5507;933
5508;5602
5509;2504
5510;-8980
5511;-15396
5512;-7185
5513;7470
5514;12819
5515;5833
5516;-1451
5517;-46
5518;3748
5519;-791
5520;-11178
5521;-13544
5522;-2061
5523;11664
5524;13120
5525;3449
5526;-3579
5527;-1249
5528;1933
5529;-3353
5530;-11851
5531;-10247
5532;3269
5533;14647
5534;11798
5535;94
5536;-5882
5537;-2278
5538;547
5539;-4909
5540;-11062
5541;-5996
5542;8134
5543;15992
5544;8903
5545;-3838
5546;-7906
5547;-2759
5548;-142
5549;-5382
5550;-9083
5551;-1391
5552;11930
5553;15494
5554;4720
5555;-7827
5556;-9195
5557;-2424
5558;-36
5559;-4894
5560;-6339
5561;2950
5562;14215
5563;13194
5564;-264
5565;-11289
5566;-9380
5567;-1159
5568;785
5569;-3727
5570;-3335
5571;6489
5572;14762
5573;9383
5574;-5431
5575;-13683
5576;-8244
5577;957
5578;2075
5579;-2270
5580;-563
5581;8839
5582;13593
5583;4555
5584;-10118
5585;-14586
5586;-5771
5587;3666
5588;3470
5589;-934
5590;1573
5591;9817
5592;10962
5593;-663
5594;-13711
5595;-13774
5596;-2167
5597;6559
5598;4559
5599;-81
5600;2825
5601;9460
5602;7314
5603;-5605
5604;-15739
5605;-11255
5606;2165
5607;9144
5608;4964
5609;50
5610;3128
5611;8006
5612;3207
5613;-9662
5614;-15943
5615;-7283
5616;6680
5617;10929
5618;4415
5619;-607
5620;2610
5621;5843
5622;-774
5623;-12366
5624;-14312
5625;-2325
5626;10764
5627;11508
5628;2808
5629;-1945
5630;1550
5631;3434
5632;-4109
5633;-13457
5634;-11085
5635;3005
5636;13830
5637;10631
5638;236
5639;-3687
5640;328
5641;1237
5642;-6420
5643;-12912
5644;-6712
5645;8034
5646;15407
5647;8260
5648;-3017
5649;-5442
5650;-658
5651;-378
5652;-7518
5653;-10939
5654;-1788
5655;12123
5656;15220
5657;4586
5658;-6512
5659;-6777
5660;-1069
5661;-1191
5662;-7425
5663;-7934
5664;3041
5665;14764
5666;13229
5667;10
5668;-9720
5669;-7295
5670;-690
5671;-1160
5672;-6358
5673;-4411
5674;7169
5675;15649
5676;9646
5677;-4908
5678;-12106
5679;-6715
5680;523
5681;-429
5682;-4675
5683;-917
5684;10118
5685;14716
5686;4904
5687;-9531
5688;-13221
5689;-4927
5690;2428
5691;712
5692;-2807
5693;2054
5694;11606
5695;12149
5696;-397
5697;-13235
5698;-12775
5699;-2029
5700;4718
5701;1884
5702;-1179
5703;4143
5704;11575
5705;8351
5706;-5590
5707;-15503
5708;-10694
5709;1677
5710;6968
5711;2688
5712;-126
5713;5171
5714;10194
5715;3874
5716;-10021
5717;-16005
5718;-7142
5719;5730
5720;8714
5721;2794
5722;160
5723;5157
5724;7814
5725;-662
5726;-13154
5727;-14651
5728;-2505
5729;9564
5730;9529
5731;2001
5732;-330
5733;4305
5734;4907
5735;-4671
5736;-14643
5737;-11603
5738;2655
5739;12605
5740;9106
5741;287
5742;-1434
5743;2959
5744;1981
5745;-7676
5746;-14377
5747;-7253
5748;7688
5749;14355
5750;7322
5751;-2178
5752;-2839
5753;1525
5754;-506
5755;-9384
5756;-12491
5757;-2167
5758;11941
5759;14477
5760;4266
5761;-5058
5762;-4148
5763;401
5764;-2220
5765;-9716
5766;-9336
5767;2995
5768;14857
5769;12853
5770;242
5771;-7892
5772;-4956
5773;-104
5774;-3000
5775;-8810
5776;-5420
5777;7586
5778;16058
5779;9609
5780;-4269
5781;-10177
5782;-4927
5783;167
5784;-2875
5785;-6982
5786;-1323
5787;11051
5788;15399
5789;5105
5790;-8676
5791;-11449
5792;-3864
5793;1199
5794;-2052
5795;-4666
5796;2391
5797;13018
5798;12987
5799;-112
5800;-12367
5801;-11367
5802;-1757
5803;2796
5804;-867
5805;-2330
5806;5262
5807;13336
5808;9169
5809;-5389
5810;-14797
5811;-9777
5812;1206
5813;4618
5814;281
5815;-397
5816;7000
5817;12093
5818;4472
5819;-10056
5820;-15579
5821;-6750
5822;4661
5823;6242
5824;1014
5825;828
5826;7516
5827;9594
5828;-474
5829;-13525
5830;-14544
5831;-2580
5832;8112
5833;7242
5834;1046
5835;1212
5836;6930
5837;6299
5838;-5032
5839;-15374
5840;-11772
5841;2246
5842;11017
5843;7265
5844;240
5845;802
5846;5531
5847;2748
5848;-8646
5849;-15409
5850;-7584
5851;7121
5852;12869
5853;6107
5854;-1356
5855;-179
5856;3724
5857;-529
5858;-10927
5859;-13685
5860;-2503
5861;11400
5862;13283
5863;3756
5864;-3517
5865;-1390
5866;1943
5867;-3097
5868;-11696
5869;-10495
5870;2830
5871;14498
5872;12068
5873;408
5874;-5869
5875;-2432
5876;580
5877;-4678
5878;-11006
5879;-6320
5880;7740
5881;15977
5882;9260
5883;-3548
5884;-7957
5885;-2930
5886;-95
5887;-5188
5888;-9117
5889;-1756
5890;11620
5891;15616
5892;5134
5893;-7593
5894;-9323
5895;-2608
5896;22
5897;-4739
5898;-6447
5899;2583
5900;14015
5901;13442
5902;167
5903;-11144
5904;-9588
5905;-1349
5906;858
5907;-3610
5908;-3495
5909;6155
5910;14687
5911;9731
5912;-5026
5913;-13648
5914;-8524
5915;778
5916;2169
5917;-2182
5918;-751
5919;8564
5920;13642
5921;4967
5922;-9780
5923;-14675
5924;-6106
5925;3517
5926;3592
5927;-868
5928;1377
5929;9617
5930;11122
5931;-229
5932;-13476
5933;-13986
5934;-2531
5935;6462
5936;4717
5937;-30
5938;2635
5939;9341
5940;7559
5941;-5194
5942;-15632
5943;-11575
5944;1808
5945;9121
5946;5160
5947;89
5948;2955
5949;7964
5950;3506
5951;-9311
5952;-15974
5953;-7683
5954;6366
5955;10997
5956;4645
5957;-584
5958;2455
5959;5866
5960;-454
5961;-12106
5962;-14476
5963;-2766
5964;10529
5965;11673
5966;3061
5967;-1944
5968;1410
5969;3507
5970;-3800
5971;-13306
5972;-11362
5973;2566
5974;13704
5975;10890
5976;491
5977;-3720
5978;198
5979;1342
5980;-6147
5981;-12875
5982;-7071
5983;7641
5984;15410
5985;8598
5986;-2783
5987;-5521
5988;-784
5989;-257
5990;-7297
5991;-11008
5992;-2189
5993;11816
5994;15356
5995;4976
5996;-6327
5997;-6911
5998;-1193
5999;-1064
6000;-7265
6001;-8091
6002;2638
6003;14572
6004;13488
6005;416
6006;-9611
6007;-7489
6008;-810
6009;-1032
6010;-6257
6011;-4630
6012;6803
6013;15589
6014;10005
6015;-4527
6016;-12096
6017;-6964
6018;413
6019;-299
6020;-4626
6021;-1170
6022;9820
6023;14788
6024;5329
6025;-9216
6026;-13322
6027;-5220
6028;2343
6029;848
6030;-2798
6031;1794
6032;11397
6033;12341
6034;48
6035;-13019
6036;-12988
6037;-2345
6038;4673
6039;2031
6040;-1197
6041;3899
6042;11465
6043;8636
6044;-5166
6045;-15413
6046;-11007
6047;1368
6048;6981
6049;2851
6050;-162
6051;4957
6052;10180
6053;4220
6054;-9661
6055;-16053
6056;-7530
6057;5460
6058;8799
6059;2974
6060;111
6061;4981
6062;7883
6063;-294
6064;-12891
6065;-14832
6066;-2934
6067;9366
6068;9693
6069;2192
6070;-393
6071;4168
6072;5039
6073;-4317
6074;-14499
6075;-11899
6076;2229
6077;12506
6078;9349
6079;478
6080;-1514
6081;2855
6082;2154
6083;-7367
6084;-14359
6085;-7634
6086;7308
6087;14375
6088;7632
6089;-2006
6090;-2944
6091;1446
6092;-314
6093;-9142
6094;-12592
6095;-2594
6096;11646
6097;14623
6098;4620
6099;-4927
6100;-4286
6101;340
6102;-2028
6103;-9553
6104;-9537
6105;2567
6106;14678
6107;13116
6108;609
6109;-7825
6110;-5132
6111;-153
6112;-2819
6113;-8726
6114;-5692
6115;7198
6116;16013
6117;9969
6118;-3924
6119;-10192
6120;-5140
6121;131
6122;-2711
6123;-6971
6124;-1633
6125;10739
6126;15491
6127;5529
6128;-8393
6129;-11560
6130;-4108
6131;1182
6132;-1905
6133;-4712
6134;2074
6135;12806
6136;13205
6137;333
6138;-12178
6139;-11576
6140;-2016
6141;2807
6142;-732
6143;-2416
6144;4969
6145;13236
6146;9486
6147;-4966
6148;-14727
6149;-10076
6150;954
6151;4668
6152;410
6153;-508
6154;6751
6155;12105
6156;4853
6157;-9698
6158;-15641
6159;-7116
6160;4443
6161;6344
6162;1142
6163;706
6164;7323
6165;9705
6166;-68
6167;-13267
6168;-14737
6169;-2983
6170;7957
6171;7403
6172;1172
6173;1087
6174;6797
6175;6486
6176;-4642
6177;-15240
6178;-12080
6179;1846
6180;10950
6181;7486
6182;360
6183;676
6184;5454
6185;2984
6186;-8309
6187;-15409
6188;-7978
6189;6764
6190;12908
6191;6381
6192;-1253
6193;-309
6194;3692
6195;-272
6196;-10669
6197;-13812
6198;-2942
6199;11126
6200;13436
6201;4065
6202;-3445
6203;-1530
6204;1945
6205;-2844
6206;-11532
6207;-10731
6208;2389
6209;14337
6210;12329
6211;727
6212;-5847
6213;-2587
6214;604
6215;-4448
6216;-10940
6217;-6636
6218;7341
6219;15948
6220;9612
6221;-3250
6222;-8001
6223;-3103
6224;-56
6225;-4992
6226;-9141
6227;-2114
6228;11301
6229;15725
6230;5546
6231;-7350
6232;-9444
6233;-2797
6234;74
6235;-4582
6236;-6546
6237;2219
6238;13805
6239;13678
6240;600
6241;-10986
6242;-9789
6243;-1545
6244;925
6245;-3488
6246;-3645
6247;5819
6248;14600
6249;10070
6250;-4615
6251;-13601
6252;-8800
6253;590
6254;2257
6255;-2089
6256;-932
6257;8284
6258;13679
6259;5373
6260;-9434
6261;-14752
6262;-6441
6263;3358
6264;3711
6265;-796
6266;1186
6267;9410
6268;11269
6269;202
6270;-13230
6271;-14187
6272;-2897
6273;6355
6274;4872
6275;27
6276;2450
6277;9214
6278;7794
6279;-4780
6280;-15512
6281;-11886
6282;1444
6283;9088
6284;5354
6285;135
6286;2784
6287;7914
6288;3797
6289;-8954
6290;-15991
6291;-8077
6292;6043
6293;11054
6294;4876
6295;-552
6296;2300
6297;5881
6298;-139
6299;-11837
6300;-14626
6301;-3206
6302;10283
6303;11829
6304;3316
6305;-1935
6306;1269
6307;3571
6308;-3493
6309;-13145
6310;-11627
6311;2124
6312;13565
6313;11143
6314;753
6315;-3745
6316;65
6317;1438
6318;-5873
6319;-12827
6320;-7420
6321;7243
6322;15399
6323;8932
6324;-2540
6325;-5592
6326;-914
6327;-143
6328;-7074
6329;-11066
6330;-2585
6331;11500
6332;15478
6333;5364
6334;-6132
6335;-7039
6336;-1323
6337;-943
6338;-7100
6339;-8237
6340;2236
6341;14368
6342;13737
6343;824
6344;-9491
6345;-7678
6346;-938
6347;-909
6348;-6150
6349;-4840
6350;6434
6351;15515
6352;10356
6353;-4140
6354;-12074
6355;-7212
6356;296
6357;-173
6358;-4569
6359;-1416
6360;9517
6361;14846
6362;5748
6363;-8890
6364;-13412
6365;-5514
6366;2249
6367;981
6368;-2781
6369;1539
6370;11181
6371;12520
6372;493
6373;-12792
6374;-13192
6375;-2664
6376;4619
6377;2178
6378;-1208
6379;3657
6380;11346
6381;8911
6382;-4739
6383;-15309
6384;-11313
6385;1052
6386;6985
6387;3016
6388;-191
6389;4744
6390;10155
6391;4558
6392;-9295
6393;-16086
6394;-7914
6395;5180
6396;8875
6397;3157
6398;69
6399;4804
6400;7941
6401;68
6402;-12619
6403;-15001
6404;-3361
6405;9156
6406;9850
6407;2389
6408;-448
6409;4028
6410;5162
6411;-3964
6412;-14343
6413;-12186
6414;1799
6415;12395
6416;9587
6417;675
6418;-1588
6419;2746
6420;2318
6421;-7056
6422;-14328
6423;-8008
6424;6920
6425;14383
6426;7939
6427;-1826
6428;-3044
6429;1361
6430;-130
6431;-8895
6432;-12680
6433;-3016
6434;11341
6435;14757
6436;4975
6437;-4787
6438;-4420
6439;272
6440;-1841
6441;-9382
6442;-9725
6443;2139
6444;14486
6445;13370
6446;981
6447;-7747
6448;-5305
6449;-209
6450;-2642
6451;-8635
6452;-5954
6453;6806
6454;15954
6455;10323
6456;-3573
6457;-10198
6458;-5354
6459;88
6460;-2549
6461;-6950
6462;-1937
6463;10420
6464;15569
6465;5950
6466;-8099
6467;-11662
6468;-4355
6469;1157
6470;-1757
6471;-4748
6472;1762
6473;12585
6474;13409
6475;780
6476;-11976
6477;-11778
6478;-2280
6479;2809
6480;-595
6481;-2494
6482;4676
6483;13126
6484;9793
6485;-4538
6486;-14644
6487;-10369
6488;695
6489;4711
6490;542
6491;-610
6492;6500
6493;12106
6494;5228
6495;-9332
6496;-15691
6497;-7480
6498;4216
6499;6439
6500;1274
6501;592
6502;7127
6503;9804
6504;333
6505;-12998
6506;-14919
6507;-3386
6508;7791
6509;7558
6510;1304
6511;967
6512;6659
6513;6663
6514;-4253
6515;-15094
6516;-12378
6517;1441
6518;10871
6519;7704
6520;487
6521;554
6522;5370
6523;3211
6524;-7968
6525;-15395
6526;-8365
6527;6400
6528;12935
6529;6653
6530;-1141
6531;-437
6532;3653
6533;-21
6534;-10404
6535;-13927
6536;-3379
6537;10840
6538;13578
6539;4376
6540;-3365
6541;-1669
6542;1939
6543;-2595
6544;-11360
6545;-10956
6546;1946
6547;14162
6548;12582
6549;1052
6550;-5815
6551;-2743
6552;621
6553;-4220
6554;-10864
6555;-6942
6556;6937
6557;15906
6558;9958
6559;-2945
6560;-8035
6561;-3279
6562;-24
6563;-4797
6564;-9155
6565;-2467
6566;10974
6567;15820
6568;5956
6569;-7096
6570;-9556
6571;-2990
6572;119
6573;-4423
6574;-6634
6575;1858
6576;13584
6577;13902
6578;1035
6579;-10817
6580;-9984
6581;-1746
6582;986
6583;-3362
6584;-3787
6585;5484
6586;14501
6587;10400
6588;-4198
6589;-13541
6590;-9073
6591;395
6592;2340
6593;-1991
6594;-1105
6595;8001
6596;13702
6597;5774
6598;-9078
6599;-14817
6600;-6775
6601;3191
6602;3824
6603;-717
6604;1001
6605;9198
6606;11405
6607;631
6608;-12973
6609;-14377
6610;-3265
6611;6239
6612;5024
6613;92
6614;2269
6615;9080
6616;8018
6617;-4364
6618;-15379
6619;-12189
6620;1075
6621;9045
6622;5548
6623;189
6624;2615
6625;7854
6626;4080
6627;-8593
6628;-15994
6629;-8466
6630;5712
6631;11102
6632;5108
6633;-513
6634;2146
6635;5886
6636;169
6637;-11561
6638;-14763
6639;-3644
6640;10026
6641;11977
6642;3576
6643;-1918
6644;1128
6645;3626
6646;-3189
6647;-12973
6648;-11881
6649;1681
6650;13414
6651;11388
6652;1021
6653;-3762
6654;-69
6655;1526
6656;-5599
6657;-12767
6658;-7762
6659;6838
6660;15374
6661;9261
6662;-2289
6663;-5656
6664;-1047
6665;-37
6666;-6848
6667;-11112
6668;-2976
6669;11174
6670;15589
6671;5752
6672;-5927
6673;-7160
6674;-1458
6675;-828
6676;-6931
6677;-8372
6678;1836
6679;14153
6680;13974
6681;1234
6682;-9360
6683;-7863
6684;-1072
6685;-791
6686;-6037
6687;-5041
6688;6064
6689;15428
6690;10699
6691;-3747
6692;-12040
6693;-7458
6694;171
6695;-51
6696;-4505
6697;-1655
6698;9209
6699;14892
6700;6162
6701;-8556
6702;-13490
6703;-5809
6704;2147
6705;1112
6706;-2756
6707;1289
6708;10958
6709;12686
6710;938
6711;-12553
6712;-13385
6713;-2987
6714;4557
6715;2324
6716;-1210
6717;3418
6718;11217
6719;9176
6720;-4310
6721;-15193
6722;-11612
6723;730
6724;6980
6725;3182
6726;-212
6727;4532
6728;10120
6729;4888
6730;-8922
6731;-16106
6732;-8295
6733;4892
6734;8943
6735;3343
6736;34
6737;4626
6738;7989
6739;427
6740;-12338
6741;-15157
6742;-3789
6743;8936
6744;10000
6745;2590
6746;-496
6747;3885
6748;5275
6749;-3612
6750;-14176
6751;-12461
6752;1367
6753;12272
6754;9819
6755;879
6756;-1655
6757;2633
6758;2474
6759;-6743
6760;-14285
6761;-8374
6762;6526
6763;14378
6764;8243
6765;-1638
6766;-3138
6767;1271
6768;47
6769;-8644
6770;-12756
6771;-3434
6772;11025
6773;14878
6774;5330
6775;-4637
6776;-4550
6777;197
6778;-1659
6779;-9206
6780;-9903
6781;1712
6782;14283
6783;13614
6784;1356
6785;-7659
6786;-5477
6787;-272
6788;-2468
6789;-8535
6790;-6207
6791;6412
6792;15882
6793;10669
6794;-3214
6795;-10193
6796;-5567
6797;37
6798;-2389
6799;-6920
6800;-2234
6801;10095
6802;15634
6803;6366
6804;-7795
6805;-11753
6806;-4603
6807;1123
6808;-1610
6809;-4776
6810;1454
6811;12355
6812;13602
6813;1226
6814;-11763
6815;-11971
6816;-2549
6817;2804
6818;-457
6819;-2563
6820;4385
6821;13005
6822;10090
6823;-4106
6824;-14548
6825;-10655
6826;429
6827;4747
6828;677
6829;-705
6830;6248
6831;12095
6832;5596
6833;-8958
6834;-15727
6835;-7841
6836;3980
6837;6528
6838;1410
6839;484
6840;6927
6841;9892
6842;732
6843;-12720
6844;-15088
6845;-3791
6846;7614
6847;7709
6848;1442
6849;854
6850;6515
6851;6829
6852;-3863
6853;-14935
6854;-12667
6855;1031
6856;10780
6857;7918
6858;621
6859;437
6860;5279
6861;3430
6862;-7624
6863;-15368
6864;-8745
6865;6027
6866;12950
6867;6925
6868;-1022
6869;-561
6870;3606
6871;222
6872;-10133
6873;-14029
6874;-3812
6875;10544
6876;13709
6877;4689
6878;-3276
6879;-1806
6880;1926
6881;-2351
6882;-11179
6883;-11170
6884;1504
6885;13976
6886;12826
6887;1380
6888;-5775
6889;-2898
6890;629
6891;-3994
6892;-10778
6893;-7240
6894;6529
6895;15850
6896;10298
6897;-2631
6898;-8060
6899;-3455
6900;0
6901;-4601
6902;-9159
6903;-2813
6904;10640
6905;15902
6906;6363
6907;-6833
6908;-9660
6909;-3186
6910;156
6911;-4261
6912;-6712
6913;1500
6914;13352
6915;14115
6916;1471
6917;-10636
6918;-10173
6919;-1953
6920;1039
6921;-3233
6922;-3920
6923;5148
6924;14389
6925;10720
6926;-3777
6927;-13469
6928;-9341
6929;193
6930;2417
6931;-1887
6932;-1270
6933;7716
6934;13714
6935;6168
6936;-8715
6937;-14869
6938;-7107
6939;3014
6940;3933
6941;-632
6942;823
6943;8981
6944;11528
6945;1058
6946;-12704
6947;-14556
6948;-3635
6949;6112
6950;5172
6951;164
6952;2092
6953;8939
6954;8232
6955;-3948
6956;-15232
6957;-12482
6958;701
6959;8990
6960;5740
6961;250
6962;2449
6963;7787
6964;4355
6965;-8227
6966;-15984
6967;-8849
6968;5372
6969;11138
6970;5340
6971;-466
6972;1993
6973;5883
6974;472
6975;-11277
6976;-14888
6977;-4080
6978;9758
6979;12115
6980;3838
6981;-1893
6982;985
6983;3672
6984;-2888
6985;-12792
6986;-12124
6987;1235
6988;13250
6989;11626
6990;1294
6991;-3771
6992;-206
6993;1605
6994;-5326
6995;-12696
6996;-8094
6997;6427
6998;15336
6999;9586
7000;-2031
7001;-5713
7002;-1185
7003;61
7004;-6620
7005;-11147
7006;-3361
7007;10840
7008;15686
7009;6138
7010;-5712
7011;-7276
7012;-1598
7013;-721
7014;-6757
7015;-8497
7016;1439
7017;13926
7018;14200
7019;1647
7020;-9217
7021;-8043
7022;-1212
7023;-679
7024;-5918
7025;-5232
7026;5693
7027;15329
7028;11033
7029;-3348
7030;-11995
7031;-7701
7032;39
7033;66
7034;-4435
7035;-1886
7036;8897
7037;14924
7038;6571
7039;-8213
7040;-13557
7041;-6104
7042;2036
7043;1241
7044;-2723
7045;1045
7046;10727
7047;12841
7048;1380
7049;-12302
7050;-13569
7051;-3313
7052;4485
7053;2468
7054;-1205
7055;3183
7056;11080
7057;9430
7058;-3878
7059;-15063
7060;-11903
7061;402
7062;6966
7063;3348
7064;-225
7065;4320
7066;10076
7067;5210
7068;-8543
7069;-16113
7070;-8670
7071;4595
7072;9002
7073;3531
7074;8
7075;4447
7076;8027
7077;781
7078;-12048
7079;-15299
7080;-4215
7081;8704
7082;10143
7083;2795
7084;-538
7085;3738
7086;5378
7087;-3263
7088;-13998
7089;-12725
7090;931
7091;12137
7092;10046
7093;1089
7094;-1716
7095;2515
7096;2621
7097;-6429
7098;-14229
7099;-8731
7100;6125
7101;14360
7102;8544
7103;-1442
7104;-3227
7105;1175
7106;217
7107;-8389
7108;-12819
7109;-3848
7110;10700
7111;14988
7112;5684
7113;-4477
7114;-4676
7115;116
7116;-1483
7117;-9023
7118;-10069
7119;1285
7120;14067
7121;13847
7122;1734
7123;-7561
7124;-5646
7125;-342
7126;-2298
7127;-8427
7128;-6450
7129;6015
7130;15796
7131;11007
7132;-2849
7133;-10177
7134;-5780
7135;-21
7136;-2231
7137;-6882
7138;-2523
7139;9763
7140;15686
7141;6779
7142;-7482
7143;-11835
7144;-4853
7145;1082
7146;-1464
7147;-4795
7148;1150
7149;12116
7150;13782
7151;1672
7152;-11537
7153;-12155
7154;-2821
7155;2790
7156;-317
7157;-2623
7158;4096
7159;12874
7160;10377
7161;-3671
7162;-14438
7163;-10936
7164;156
7165;4774
7166;815
7167;-791
7168;5995
7169;12073
7170;5956
7171;-8578
7172;-15750
7173;-8199
7174;3735
7175;6609
7176;1551
7177;383
7178;6725
7179;9968
7180;1126
7181;-12431
7182;-15245
7183;-4195
7184;7427
7185;7853
7186;1586
7187;746
7188;6367
7189;6985
7190;-3475
7191;-14765
7192;-12945
7193;618
7194;10677
7195;8129
7196;763
7197;324
7198;5183
7199;3640
7200;-7277
7201;-15329
7202;-9117
7203;5647
7204;12954
7205;7195
7206;-894
7207;-682
7208;3553
7209;459
7210;-9856
7211;-14118
7212;-4241
7213;10238
7214;13829
7215;5002
7216;-3177
7217;-1940
7218;1904
7219;-2111
7220;-10990
7221;-11372
7222;1061
7223;13777
7224;13060
7225;1713
7226;-5724
7227;-3053
7228;630
7229;-3770
7230;-10683
7231;-7527
7232;6117
7233;15781
7234;10632
7235;-2311
7236;-8076
7237;-3634
7238;16
7239;-4405
7240;-9152
7241;-3152
7242;10298
7243;15971
7244;6767
7245;-6560
7246;-9756
7247;-3386
7248;186
7249;-4098
7250;-6780
7251;1146
7252;13111
7253;14315
7254;1907
7255;-10443
7256;-10354
7257;-2165
7258;1086
7259;-3101
7260;-4043
7261;4813
7262;14266
7263;11030
7264;-3351
7265;-13384
7266;-9604
7267;-15
7268;2487
7269;-1779
7270;-1428
7271;7428
7272;13713
7273;6555
7274;-8343
7275;-14908
7276;-7437
7277;2829
7278;4037
7279;-542
7280;651
7281;8759
7282;11640
7283;1482
7284;-12425
7285;-14723
7286;-4007
7287;5975
7288;5317
7289;243
7290;1921
7291;8790
7292;8435
7293;-3531
7294;-15074
7295;-12767
7296;323
7297;8925
7298;5930
7299;319
7300;2286
7301;7712
7302;4621
7303;-7856
7304;-15960
7305;-9226
7306;5024
7307;11165
7308;5573
7309;-410
7310;1842
7311;5871
7312;770
7313;-10985
7314;-14999
7315;-4513
7316;9480
7317;12243
7318;4103
7319;-1860
7320;843
7321;3709
7322;-2590
7323;-12601
7324;-12355
7325;788
7326;13074
7327;11856
7328;1572
7329;-3772
7330;-345
7331;1676
7332;-5053
7333;-12615
7334;-8418
7335;6012
7336;15285
7337;9906
7338;-1765
7339;-5762
7340;-1325
7341;152
7342;-6391
7343;-11170
7344;-3741
7345;10497
7346;15770
7347;6523
7348;-5487
7349;-7385
7350;-1743
7351;-619
7352;-6580
7353;-8611
7354;1043
7355;13689
7356;14414
7357;2062
7358;-9064
7359;-8218
7360;-1358
7361;-572
7362;-5794
7363;-5413
7364;5320
7365;15216
7366;11358
7367;-2944
7368;-11937
7369;-7941
7370;-100
7371;180
7372;-4357
7373;-2109
7374;8580
7375;14944
7376;6975
7377;-7861
7378;-13613
7379;-6398
7380;1916
7381;1366
7382;-2684
7383;806
7384;10489
7385;12983
7386;1821
7387;-12041
7388;-13742
7389;-3641
7390;4403
7391;2612
7392;-1192
7393;2951
7394;10934
7395;9674
7396;-3444
7397;-14920
7398;-12185
7399;68
7400;6942
7401;3514
7402;-230
7403;4110
7404;10022
7405;5524
7406;-8159
7407;-16105
7408;-9040
7409;4290
7410;9052
7411;3722
7412;-11
7413;4267
7414;8056
7415;1130
7416;-11749
7417;-15429
7418;-4639
7419;8463
7420;10277
7421;3004
7422;-571
7423;3590
7424;5471
7425;-2915
7426;-13809
7427;-12978
7428;493
7429;11989
7430;10266
7431;1305
7432;-1770
7433;2394
7434;2760
7435;-6114
7436;-14161
7437;-9080
7438;5718
7439;14329
7440;8842
7441;-1238
7442;-3310
7443;1074
7444;380
7445;-8130
7446;-12870
7447;-4256
7448;10366
7449;15086
7450;6039
7451;-4308
7452;-4797
7453;29
7454;-1313
7455;-8835
7456;-10224
7457;861
7458;13839
7459;14070
7460;2115
7461;-7452
7462;-5811
7463;-420
7464;-2133
7465;-8313
7466;-6684
7467;5615
7468;15698
7469;11337
7470;-2478
7471;-10150
7472;-5992
7473;-88
7474;-2075
7475;-6836
7476;-2805
7477;9426
7478;15724
7479;7186
7480;-7160
7481;-11906
7482;-5104
7483;1032
7484;-1318
7485;-4805
7486;851
7487;11869
7488;13950
7489;2117
7490;-11301
7491;-12331
7492;-3097
7493;2768
7494;-177
7495;-2675
7496;3809
7497;12732
7498;10653
7499;-3233
7500;-14316
7501;-11210
7502;-121
7503;4793
7504;956
7505;-870
7506;5742
7507;12039
7508;6308
7509;-8191
7510;-15760
7511;-8552
7512;3482
7513;6683
7514;1695
7515;290
7516;6519
7517;10034
7518;1516
7519;-12132
7520;-15390
7521;-4599
7522;7229
7523;7992
7524;1735
7525;645
7526;6215
7527;7130
7528;-3087
7529;-14582
7530;-13213
7531;202
7532;10563
7533;8335
7534;911
7535;217
7536;5080
7537;3841
7538;-6928
7539;-15276
7540;-9482
7541;5260
7542;12945
7543;7463
7544;-758
7545;-798
7546;3492
7547;689
7548;-9575
7549;-14194
7550;-4666
7551;9922
7552;13938
7553;5317
7554;-3070
7555;-2073
7556;1875
7557;-1876
7558;-10794
7559;-11562
7560;618
7561;13565
7562;13285
7563;2050
7564;-5665
7565;-3207
7566;623
7567;-3549
7568;-10579
7569;-7805
7570;5701
7571;15698
7572;10958
7573;-1984
7574;-8082
7575;-3813
7576;24
7577;-4210
7578;-9136
7579;-3484
7580;9949
7581;16026
7582;7167
7583;-6278
7584;-9843
7585;-3588
7586;208
7587;-3933
7588;-6838
7589;795
7590;12860
7591;14503
7592;2344
7593;-10239
7594;-10528
7595;-2383
7596;1125
7597;-2965
7598;-4157
7599;4479
7600;14132
7601;11330
7602;-2921
7603;-13286
7604;-9862
7605;-231
7606;2552
7607;-1667
7608;-1577
7609;7137
7610;13700
7611;6935
7612;-7964
7613;-14934
7614;-7765
7615;2635
7616;4135
7617;-446
7618;486
7619;8532
7620;11739
7621;1902
7622;-12135
7623;-14878
7624;-4379
7625;5828
7626;5458
7627;328
7628;1754
7629;8636
7630;8627
7631;-3114
7632;-14902
7633;-13041
7634;-59
7635;8850
7636;6118
7637;395
7638;2127
7639;7628
7640;4878
7641;-7482
7642;-15923
7643;-9596
7644;4669
7645;11180
7646;5806
7647;-347
7648;1692
7649;5850
7650;1060
7651;-10687
7652;-15097
7653;-4943
7654;9191
7655;12361
7656;4370
7657;-1819
7658;701
7659;3738
7660;-2296
7661;-12401
7662;-12574
7663;341
7664;12885
7665;12078
7666;1855
7667;-3765
7668;-485
7669;1739
7670;-4781
7671;-12522
7672;-8731
7673;5592
7674;15221
7675;10220
7676;-1491
7677;-5803
7678;-1469
7679;235
7680;-6160
7681;-11183
7682;-4113
7683;10146
7684;15841
7685;6905
7686;-5253
7687;-7487
7688;-1892
7689;-525
7690;-6399
7691;-8714
7692;651
7693;13440
7694;14617
7695;2478
7696;-8899
7697;-8388
7698;-1511
7699;-471
7700;-5664
7701;-5585
7702;4948
7703;15092
7704;11673
7705;-2534
7706;-11868
7707;-8178
7708;-247
7709;289
7710;-4274
7711;-2324
7712;8260
7713;14950
7714;7371
7715;-7500
7716;-13656
7717;-6692
7718;1788
7719;1488
7720;-2637
7721;574
7722;10246
7723;13113
7724;2259
7725;-11767
7726;-13905
7727;-3971
7728;4313
7729;2753
7730;-1171
7731;2722
7732;10779
7733;9906
7734;-3009
7735;-14765
7736;-12459
7737;-269
7738;6908
7739;3681
7740;-227
7741;3902
7742;9958
7743;5829
7744;-7770
7745;-16085
7746;-9405
7747;3977
7748;9092
7749;3914
7750;-22
7751;4087
7752;8074
7753;1473
7754;-11441
7755;-15546
7756;-5062
7757;8210
7758;10403
7759;3217
7760;-598
7761;3440
7762;5555
7763;-2570
7764;-13610
7765;-13220
7766;54
7767;11829
7768;10481
7769;1527
7770;-1817
7771;2269
7772;2890
7773;-5798
7774;-14082
7775;-9421
7776;5305
7777;14286
7778;9135
7779;-1026
7780;-3387
7781;968
7782;536
7783;-7868
7784;-12909
7785;-4658
7786;10022
7787;15171
7788;6392
7789;-4130
7790;-4913
7791;-64
7792;-1149
7793;-8641
7794;-10367
7795;438
7796;13599
7797;14282
7798;2498
7799;-7332
7800;-5974
7801;-504
7802;-1971
7803;-8191
7804;-6908
7805;5214
7806;15586
7807;11659
7808;-2101
7809;-10112
7810;-6202
7811;-162
7812;-1922
7813;-6781
7814;-3079
7815;9084
7816;15748
7817;7588
7818;-6829
7819;-11967
7820;-5357
7821;974
7822;-1173
7823;-4807
7824;558
7825;11614
7826;14105
7827;2561
7828;-11053
7829;-12497
7830;-3377
7831;2738
7832;-36
7833;-2719
7834;3525
7835;12581
7836;10918
7837;-2793
7838;-14181
7839;-11477
7840;-406
7841;4805
7842;1098
7843;-940
7844;5489
7845;11995
7846;6652
7847;-7797
7848;-15756
7849;-8902
7850;3220
7851;6750
7852;1843
7853;204
7854;6312
7855;10088
7856;1901
7857;-11824
7858;-15522
7859;-5002
7860;7021
7861;8124
7862;1889
7863;551
7864;6058
7865;7266
7866;-2701
7867;-14388
7868;-13469
7869;-216
7870;10438
7871;8537
7872;1065
7873;115
7874;4972
7875;4033
7876;-6577
7877;-15210
7878;-9839
7879;4867
7880;12925
7881;7729
7882;-614
7883;-911
7884;3425
7885;912
7886;-9288
7887;-14258
7888;-5087
7889;9596
7890;14035
7891;5633
7892;-2954
7893;-2202
7894;1839
7895;-1645
7896;-10590
7897;-11740
7898;177
7899;13342
7900;13501
7901;2390
7902;-5595
7903;-3360
7904;608
7905;-3331
7906;-10466
7907;-8073
7908;5283
7909;15602
7910;11277
7911;-1651
7912;-8079
7913;-3992
7914;25
7915;-4016
7916;-9110
7917;-3809
7918;9594
7919;16068
7920;7564
7921;-5986
7922;-9921
7923;-3793
7924;223
7925;-3768
7926;-6887
7927;449
7928;12600
7929;14678
7930;2780
7931;-10024
7932;-10695
7933;-2604
7934;1157
7935;-2827
7936;-4262
7937;4146
7938;13986
7939;11620
7940;-2488
7941;-13176
7942;-10115
7943;-454
7944;2609
7945;-1551
7946;-1718
7947;6846
7948;13675
7949;7308
7950;-7577
7951;-14948
7952;-8090
7953;2433
7954;4228
7955;-344
7956;328
7957;8301
7958;11827
7959;2318
7960;-11835
7961;-15021
7962;-4752
7963;5671
7964;5594
7965;420
7966;1593
7967;8475
7968;8808
7969;-2697
7970;-14718
7971;-13306
7972;-446
7973;8763
7974;6303
7975;479
7976;1972
7977;7537
7978;5127
7979;-7104
7980;-15873
7981;-9959
7982;4307
7983;11185
7984;6038
7985;-276
7986;1545
7987;5822
7988;1345
7989;-10382
7990;-15182
7991;-5370
7992;8892
7993;12469
7994;4639
7995;-1769
7996;559
7997;3758
7998;-2006
7999;-12192
8000;-12781
